name,gpu_model,vram_mb,cuda_cores,price_per_hour_usd_cents,driver_major,driver_minor
FireStream 9170,FireStream 9170,2048,320,210,536,27
FireStream 9250,FireStream 9250,1024,800,218,535,28
FireStream 9270,FireStream 9270,2048,800,222,535,38
Radeon HD 6570M Mac Edition,Radeon HD 6570M Mac Edition,1024,400,207,536,48
FirePro M3900,FirePro M3900,1024,160,204,535,38
FirePro RG220,FirePro RG220,512,80,202,534,37
FirePro RG220A,FirePro RG220A,512,80,202,535,50
FireStream 9350,FireStream 9350,2048,1440,234,534,35
FireStream 9370,FireStream 9370,4096,1600,246,535,39
Radeon HD 6250 IGP,Radeon HD 6250 IGP,0,80,201,536,27
Radeon HD 6310 IGP,Radeon HD 6310 IGP,0,80,201,536,38
Radeon HD 6310 IGP,Radeon HD 6310 IGP,0,80,201,535,24
Radeon HD 6330M,Radeon HD 6330M,1024,80,201,535,35
Radeon HD 6350M,Radeon HD 6350M,1024,80,201,535,38
Radeon HD 6370M,Radeon HD 6370M,1024,80,202,536,32
Radeon HD 6530M,Radeon HD 6530M,1024,400,206,535,21
Radeon HD 6550M,Radeon HD 6550M,1024,400,207,534,32
Radeon HD 6550M,Radeon HD 6550M,1024,400,208,535,45
Radeon HD 6570M,Radeon HD 6570M,1024,400,208,535,43
Radeon HD 6850,Radeon HD 6850,1024,960,225,536,35
Radeon HD 6870,Radeon HD 6870,1024,1120,234,535,34
Radeon HD 6950,Radeon HD 6950,2048,1408,239,535,30
Radeon HD 6970,Radeon HD 6970,2048,1536,247,534,21
FirePro 2270,FirePro 2270,512,80,201,535,27
FirePro 2270 PCIe x1,FirePro 2270 PCIe x1,512,80,201,535,39
FirePro M5950,FirePro M5950,1024,480,211,535,34
FirePro M8900,FirePro M8900,2048,960,221,536,32
FirePro V4900,FirePro V4900,1024,480,213,535,50
FirePro V5900,FirePro V5900,2048,512,211,534,45
FirePro V7900,FirePro V7900,2048,1280,232,534,39
FirePro V7900 SDI,FirePro V7900 SDI,2048,1280,232,535,34
Radeon E6460,Radeon E6460,512,160,203,536,41
Radeon E6760 MXM,Radeon E6760 MXM,1024,480,209,535,46
Radeon E6760 PCIe,Radeon E6760 PCIe,1024,480,209,535,41
Radeon HD 6230,Radeon HD 6230,512,80,202,535,49
Radeon HD 6250,Radeon HD 6250,512,80,202,536,20
Radeon HD 6290,Radeon HD 6290,1024,80,202,534,36
Radeon HD 6290 IGP,Radeon HD 6290 IGP,0,80,200,534,34
Radeon HD 6320 IGP,Radeon HD 6320 IGP,0,80,201,536,31
Radeon HD 6350,Radeon HD 6350,512,80,202,536,33
Radeon HD 6350,Radeon HD 6350,512,80,202,535,23
Radeon HD 6350A,Radeon HD 6350A,512,80,202,534,22
Radeon HD 6370D IGP,Radeon HD 6370D IGP,0,160,203,535,25
Radeon HD 6380G IGP,Radeon HD 6380G IGP,0,160,202,534,30
Radeon HD 6390,Radeon HD 6390,1024,320,206,536,50
Radeon HD 6410D IGP,Radeon HD 6410D IGP,0,160,203,536,40
Radeon HD 6430M,Radeon HD 6430M,1024,160,203,535,36
Radeon HD 6450,Radeon HD 6450,512,160,203,535,44
Radeon HD 6450 OEM,Radeon HD 6450 OEM,512,160,203,535,36
Radeon HD 6450A,Radeon HD 6450A,512,160,203,535,43
Radeon HD 6450M,Radeon HD 6450M,1024,160,204,535,30
Radeon HD 6470M,Radeon HD 6470M,512,160,203,534,22
Radeon HD 6480G IGP,Radeon HD 6480G IGP,0,240,204,534,28
Radeon HD 6480G IGP,Radeon HD 6480G IGP,0,160,203,536,37
Radeon HD 6490,Radeon HD 6490,1024,320,206,535,49
Radeon HD 6490M,Radeon HD 6490M,512,160,205,535,29
Radeon HD 6490M Mac Edition,Radeon HD 6490M Mac Edition,256,160,204,536,23
Radeon HD 6510,Radeon HD 6510,1024,400,208,535,30
Radeon HD 6510,Radeon HD 6510,1024,320,207,535,41
Radeon HD 6520G IGP,Radeon HD 6520G IGP,0,320,204,535,33
Radeon HD 6530,Radeon HD 6530,1024,400,208,534,23
Radeon HD 6530D IGP,Radeon HD 6530D IGP,0,320,205,535,39
Radeon HD 6550A,Radeon HD 6550A,2048,480,208,534,21
Radeon HD 6550D IGP,Radeon HD 6550D IGP,0,400,208,534,37
Radeon HD 6570,Radeon HD 6570,1024,480,210,536,24
Radeon HD 6570,Radeon HD 6570,2048,480,210,536,28
Radeon HD 6570 OEM,Radeon HD 6570 OEM,1024,480,210,535,42
Radeon HD 6570M,Radeon HD 6570M,1024,480,209,534,40
Radeon HD 6610M,Radeon HD 6610M,1024,400,206,535,21
Radeon HD 6620G IGP,Radeon HD 6620G IGP,0,400,206,535,49
Radeon HD 6625M,Radeon HD 6625M,1024,480,207,536,48
Radeon HD 6630M,Radeon HD 6630M,1024,480,207,535,20
Radeon HD 6630M Mac Edition,Radeon HD 6630M Mac Edition,256,480,207,536,21
Radeon HD 6650A,Radeon HD 6650A,1024,480,209,535,47
Radeon HD 6650M,Radeon HD 6650M,1024,480,209,534,48
Radeon HD 6670,Radeon HD 6670,1024,480,213,535,42
Radeon HD 6670A,Radeon HD 6670A,1024,480,209,534,43
Radeon HD 6730M,Radeon HD 6730M,1024,480,211,535,36
Radeon HD 6750,Radeon HD 6750,1024,720,217,535,26
Radeon HD 6750M,Radeon HD 6750M,1024,480,209,535,32
Radeon HD 6750M Mac Edition,Radeon HD 6750M Mac Edition,512,480,209,535,41
Radeon HD 6770,Radeon HD 6770,1024,800,223,534,22
Radeon HD 6770M,Radeon HD 6770M,1024,480,211,535,34
Radeon HD 6770M Mac Edition,Radeon HD 6770M Mac Edition,1024,480,210,534,49
Radeon HD 6790,Radeon HD 6790,1024,800,223,535,44
Radeon HD 6830M,Radeon HD 6830M,1024,800,214,535,38
Radeon HD 6850 X2,Radeon HD 6850 X2,2048,960,229,536,26
Radeon HD 6850M,Radeon HD 6850M,1024,800,217,535,24
Radeon HD 6870 X2,Radeon HD 6870 X2,1024,1120,238,535,28
Radeon HD 6870M,Radeon HD 6870M,1024,800,217,535,23
Radeon HD 6930,Radeon HD 6930,1024,1280,234,536,24
Radeon HD 6950M,Radeon HD 6950M,1024,960,217,536,33
Radeon HD 6970M,Radeon HD 6970M,1024,960,221,535,45
Radeon HD 6970M Mac Edition,Radeon HD 6970M Mac Edition,2048,960,221,535,26
Radeon HD 6970M Rebrand,Radeon HD 6970M Rebrand,1024,800,221,534,37
Radeon HD 6970M X2,Radeon HD 6970M X2,2048,960,223,535,37
Radeon HD 6990,Radeon HD 6990,2048,1536,248,535,21
Radeon HD 6990M,Radeon HD 6990M,2048,1120,227,534,45
Radeon HD 6990M Rebrand,Radeon HD 6990M Rebrand,1024,800,219,535,20
Radeon HD 7410M,Radeon HD 7410M,1024,160,203,536,42
Radeon HD 7690M,Radeon HD 7690M,1024,480,210,534,44
FirePro A300,FirePro A300,0,384,212,535,32
FirePro A320,FirePro A320,0,384,213,536,39
FirePro M2000,FirePro M2000,1024,480,208,534,45
FirePro M4000,FirePro M4000,1024,512,211,534,45
FirePro M6000,FirePro M6000,2048,640,216,535,39
FirePro S10000,FirePro S10000,3072,1792,261,534,34
FirePro S10000 Passive,FirePro S10000 Passive,3072,1792,261,536,39
FirePro S7000,FirePro S7000,4096,1280,241,535,45
FirePro S9000,FirePro S9000,6144,1792,255,535,40
FirePro S9010,FirePro S9010,3072,1792,249,535,25
FirePro V3900,FirePro V3900,1024,480,210,535,44
FirePro W4000,FirePro W4000,2048,768,220,535,30
FirePro W5000,FirePro W5000,2048,768,220,535,27
FirePro W600,FirePro W600,2048,512,213,535,38
FirePro W7000,FirePro W7000,4096,1280,241,534,34
FirePro W8000,FirePro W8000,4096,1792,255,536,22
FirePro W9000,FirePro W9000,6144,2048,268,535,35
Radeon HD 6250 IGP,Radeon HD 6250 IGP,0,80,200,535,42
Radeon HD 6250 IGP,Radeon HD 6250 IGP,0,80,200,535,47
Radeon HD 6850 1440SP Edition,Radeon HD 6850 1440SP Edition,1024,1440,235,536,31
Radeon HD 7290 IGP,Radeon HD 7290 IGP,0,80,201,535,48
Radeon HD 7310 IGP,Radeon HD 7310 IGP,0,80,201,535,30
Radeon HD 7330M,Radeon HD 7330M,1024,80,201,535,32
Radeon HD 7340 IGP,Radeon HD 7340 IGP,0,80,201,534,49
Radeon HD 7350 OEM,Radeon HD 7350 OEM,512,80,202,535,46
Radeon HD 7350 OEM PCI,Radeon HD 7350 OEM PCI,512,80,202,535,46
Radeon HD 7350M,Radeon HD 7350M,1024,80,201,535,20
Radeon HD 7370M,Radeon HD 7370M,1024,80,202,536,33
Radeon HD 7400G IGP,Radeon HD 7400G IGP,0,192,202,535,44
Radeon HD 7420G IGP,Radeon HD 7420G IGP,0,128,203,535,30
Radeon HD 7430M,Radeon HD 7430M,1024,160,203,534,35
Radeon HD 7450 OEM,Radeon HD 7450 OEM,512,160,203,535,41
Radeon HD 7450A,Radeon HD 7450A,512,160,203,536,35
Radeon HD 7450M,Radeon HD 7450M,1024,160,203,535,25
Radeon HD 7470 OEM,Radeon HD 7470 OEM,1024,160,204,535,47
Radeon HD 7470A,Radeon HD 7470A,512,160,203,534,43
Radeon HD 7470A,Radeon HD 7470A,1024,400,209,535,27
Radeon HD 7470M,Radeon HD 7470M,1024,160,204,534,20
Radeon HD 7480D IGP,Radeon HD 7480D IGP,0,128,204,535,48
Radeon HD 7490M,Radeon HD 7490M,1024,160,204,535,35
Radeon HD 7500G IGP,Radeon HD 7500G IGP,0,256,203,536,35
Radeon HD 7510M,Radeon HD 7510M,1024,400,205,535,22
Radeon HD 7520G IGP,Radeon HD 7520G IGP,0,192,204,535,48
Radeon HD 7530M,Radeon HD 7530M,1024,400,205,535,37
Radeon HD 7540D IGP,Radeon HD 7540D IGP,0,192,206,535,36
Radeon HD 7550M,Radeon HD 7550M,1024,480,207,535,47
Radeon HD 7550M,Radeon HD 7550M,1024,480,208,534,33
Radeon HD 7560D IGP,Radeon HD 7560D IGP,0,256,207,535,46
Radeon HD 7560G IGP,Radeon HD 7560G IGP,0,256,206,534,43
Radeon HD 7570,Radeon HD 7570,1024,480,210,535,33
Radeon HD 7570M,Radeon HD 7570M,1024,480,207,534,23
Radeon HD 7590M,Radeon HD 7590M,1024,480,209,535,41
Radeon HD 7600G IGP,Radeon HD 7600G IGP,0,384,205,535,36
Radeon HD 7610M,Radeon HD 7610M,1024,400,206,535,24
Radeon HD 7620G IGP,Radeon HD 7620G IGP,0,384,206,535,21
Radeon HD 7630M,Radeon HD 7630M,1024,480,206,534,35
Radeon HD 7640G IGP,Radeon HD 7640G IGP,0,256,205,536,49
Radeon HD 7650A,Radeon HD 7650A,1024,480,209,535,20
Radeon HD 7650M,Radeon HD 7650M,1024,480,207,535,28
Radeon HD 7650M Rebrand,Radeon HD 7650M Rebrand,1024,480,207,535,33
Radeon HD 7660D IGP,Radeon HD 7660D IGP,0,384,211,534,42
Radeon HD 7660G IGP,Radeon HD 7660G IGP,0,384,208,535,43
Radeon HD 7670 OEM,Radeon HD 7670 OEM,512,480,213,534,24
Radeon HD 7670A,Radeon HD 7670A,1024,480,209,534,45
Radeon HD 7670M,Radeon HD 7670M,1024,480,209,536,30
Radeon HD 7670M Rebrand,Radeon HD 7670M Rebrand,1024,480,209,535,45
Radeon HD 7690M Rebrand,Radeon HD 7690M Rebrand,1024,480,209,535,34
Radeon HD 7690M XT Rebrand,Radeon HD 7690M XT Rebrand,1024,480,211,535,48
Radeon HD 7730M,Radeon HD 7730M,2048,512,210,535,34
Radeon HD 7750,Radeon HD 7750,1024,512,213,534,42
Radeon HD 7750M,Radeon HD 7750M,1024,512,209,535,36
Radeon HD 7770 GHz Edition,Radeon HD 7770 GHz Edition,1024,640,221,535,34
Radeon HD 7770M,Radeon HD 7770M,1024,512,211,535,32
Radeon HD 7850,Radeon HD 7850,2048,1024,230,535,25
Radeon HD 7850M,Radeon HD 7850M,2048,640,213,535,29
Radeon HD 7870 GHz Edition,Radeon HD 7870 GHz Edition,2048,1280,243,536,37
Radeon HD 7870 XT,Radeon HD 7870 XT,2048,1536,250,535,34
Radeon HD 7870M,Radeon HD 7870M,2048,640,216,535,27
Radeon HD 7950,Radeon HD 7950,3072,1792,249,535,41
Radeon HD 7950 Boost,Radeon HD 7950 Boost,3072,1792,255,535,29
Radeon HD 7950 Monica BIOS 1,Radeon HD 7950 Monica BIOS 1,3072,1536,248,534,21
Radeon HD 7950 Monica BIOS 2,Radeon HD 7950 Monica BIOS 2,3072,768,220,535,43
Radeon HD 7950M,Radeon HD 7950M,2048,1280,229,534,29
Radeon HD 7970,Radeon HD 7970,3072,2048,264,535,22
Radeon HD 7970 GHz Edition,Radeon HD 7970 GHz Edition,3072,2048,273,535,36
Radeon HD 7970 X2,Radeon HD 7970 X2,3072,2048,270,535,20
Radeon HD 7970M,Radeon HD 7970M,2048,1280,235,535,37
Radeon HD 7970M X2,Radeon HD 7970M X2,2048,1280,238,535,43
Wii U GPU,Wii U GPU,2048,160,203,535,23
Radeon HD 8180 IGP,Radeon HD 8180 IGP,0,128,200,535,47
Radeon HD 8210E,Radeon HD 8210E,0,128,201,535,21
Radeon HD 8240 Mobile IGP,Radeon HD 8240 Mobile IGP,0,128,201,535,22
Radeon HD 8250 IGP,Radeon HD 8250 IGP,0,128,201,534,38
Radeon HD 8280 IGP,Radeon HD 8280 IGP,0,128,202,536,25
Radeon HD 8280 Mobile IGP,Radeon HD 8280 Mobile IGP,0,128,202,535,43
Radeon HD 8280E,Radeon HD 8280E,0,128,202,534,45
Radeon HD 8310G IGP,Radeon HD 8310G IGP,0,128,202,535,34
Radeon HD 8330 Mobile IGP,Radeon HD 8330 Mobile IGP,0,128,202,534,21
Radeon HD 8330E,Radeon HD 8330E,0,128,202,534,25
Radeon HD 8350 OEM,Radeon HD 8350 OEM,1024,80,202,535,48
Radeon HD 8350G IGP,Radeon HD 8350G IGP,0,128,203,535,36
Radeon HD 8370D IGP,Radeon HD 8370D IGP,0,128,204,536,27
Radeon HD 8400 IGP,Radeon HD 8400 IGP,0,128,202,535,45
Radeon HD 8400 Mobile IGP,Radeon HD 8400 Mobile IGP,0,128,202,534,25
Radeon HD 8400E,Radeon HD 8400E,0,128,202,535,43
Radeon HD 8410G IGP,Radeon HD 8410G IGP,0,192,204,535,21
Radeon HD 8450 OEM,Radeon HD 8450 OEM,1024,160,203,536,45
Radeon HD 8450G IGP,Radeon HD 8450G IGP,0,192,205,535,41
Radeon HD 8470D IGP,Radeon HD 8470D IGP,0,192,206,536,23
Radeon HD 8490 OEM,Radeon HD 8490 OEM,1024,160,205,534,34
Radeon HD 8510G IGP,Radeon HD 8510G IGP,0,384,207,535,21
Radeon HD 8550D IGP,Radeon HD 8550D IGP,0,256,208,536,24
Radeon HD 8550G IGP,Radeon HD 8550G IGP,0,256,205,535,36
Radeon HD 8570A,Radeon HD 8570A,1024,320,209,535,49
Radeon HD 8570D IGP,Radeon HD 8570D IGP,0,256,207,535,25
Radeon HD 8570M,Radeon HD 8570M,1024,320,209,535,21
Radeon HD 8610G IGP,Radeon HD 8610G IGP,0,384,208,535,50
Radeon HD 8650D IGP,Radeon HD 8650D IGP,0,384,211,535,20
Radeon HD 8650G IGP,Radeon HD 8650G IGP,0,384,209,536,41
Radeon HD 8670A,Radeon HD 8670A,1024,320,206,535,47
Radeon HD 8670A,Radeon HD 8670A,1024,384,208,536,25
Radeon HD 8670D IGP,Radeon HD 8670D IGP,0,384,212,535,34
Radeon HD 8670M,Radeon HD 8670M,1024,320,210,534,43
Radeon HD 8670M,Radeon HD 8670M,1024,384,210,536,48
Radeon HD 8730A,Radeon HD 8730A,1024,384,209,535,43
Radeon HD 8730M,Radeon HD 8730M,2048,384,209,534,41
Radeon HD 8750A,Radeon HD 8750A,1024,384,208,535,33
Radeon HD 8750M,Radeon HD 8750M,1024,384,210,534,36
Radeon HD 8830M,Radeon HD 8830M,2048,640,213,535,37
Radeon R5 220 OEM,Radeon R5 220 OEM,1024,80,202,535,47
Radeon R5 230 OEM,Radeon R5 230 OEM,1024,160,203,535,23
Radeon R5 235 OEM,Radeon R5 235 OEM,1024,160,204,535,47
Radeon R5 235X OEM,Radeon R5 235X OEM,1024,160,204,536,33
Radeon R5 240 OEM,Radeon R5 240 OEM,2048,384,210,535,50
Radeon R5 M230 Rebrand,Radeon R5 M230 Rebrand,2048,320,209,534,38
Radeon R7 240,Radeon R7 240,2048,320,208,534,43
Radeon R7 240 OEM,Radeon R7 240 OEM,2048,320,208,535,43
Radeon R7 250,Radeon R7 250,1024,512,212,535,42
Radeon R7 250,Radeon R7 250,1024,512,215,535,43
Radeon R7 250 OEM,Radeon R7 250 OEM,2048,384,213,534,27
Xbox One GPU,Xbox One GPU,8192,768,222,536,21
Radeon HD 6610,Radeon HD 6610,1024,400,208,535,37
Radeon HD 6770 Green Edition,Radeon HD 6770 Green Edition,2048,720,217,535,27
Radeon HD 7510 OEM,Radeon HD 7510 OEM,1024,320,207,535,38
Radeon HD 7570 OEM,Radeon HD 7570 OEM,1024,400,208,534,39
Radeon HD 8510 OEM,Radeon HD 8510 OEM,1024,400,208,535,47
Radeon HD 8510 OEM,Radeon HD 8510 OEM,1024,480,210,535,37
Radeon HD 8550 OEM,Radeon HD 8550 OEM,1024,480,210,535,26
Radeon HD 8570 OEM,Radeon HD 8570 OEM,2048,384,210,535,23
Radeon HD 8570 OEM Rebrand,Radeon HD 8570 OEM Rebrand,1024,480,210,534,36
FirePro M4100,FirePro M4100,2048,384,208,536,37
FirePro M4150,FirePro M4150,1024,384,209,535,40
FirePro M5100,FirePro M5100,2048,640,216,536,47
FirePro M6100,FirePro M6100,2048,768,226,535,48
FirePro R5000,FirePro R5000,2048,768,222,535,24
FirePro W5000 DVI,FirePro W5000 DVI,2048,768,220,534,27
Playstation 4 GPU,Playstation 4 GPU,8192,1152,230,535,46
Radeon HD 6870 1600SP Edition,Radeon HD 6870 1600SP Edition,1024,1600,246,535,49
Radeon HD 7690M XT,Radeon HD 7690M XT,2048,480,211,536,24
Radeon HD 7720 OEM,Radeon HD 7720 OEM,1024,800,223,536,30
Radeon HD 7730,Radeon HD 7730,1024,384,210,536,32
Radeon HD 7790,Radeon HD 7790,1024,896,229,535,37
Radeon HD 7950 Mac Edition,Radeon HD 7950 Mac Edition,3072,1792,249,536,32
Radeon HD 7990,Radeon HD 7990,3072,2048,272,535,20
Radeon HD 8470 OEM,Radeon HD 8470 OEM,1024,160,204,534,21
Radeon HD 8590M,Radeon HD 8590M,1024,320,209,535,50
Radeon HD 8670 OEM,Radeon HD 8670 OEM,2048,384,213,535,38
Radeon HD 8690M,Radeon HD 8690M,2048,320,210,535,37
Radeon HD 8730 OEM,Radeon HD 8730 OEM,1024,384,210,535,43
Radeon HD 8740 OEM,Radeon HD 8740 OEM,1024,512,213,535,26
Radeon HD 8750M,Radeon HD 8750M,1024,384,208,535,46
Radeon HD 8760 OEM,Radeon HD 8760 OEM,2048,640,221,535,46
Radeon HD 8770 OEM,Radeon HD 8770 OEM,1024,896,231,536,38
Radeon HD 8770M,Radeon HD 8770M,2048,384,210,534,26
Radeon HD 8790M,Radeon HD 8790M,2048,384,211,535,21
Radeon HD 8850M,Radeon HD 8850M,2048,640,213,535,25
Radeon HD 8860 OEM,Radeon HD 8860 OEM,2048,1280,240,535,49
Radeon HD 8870 OEM,Radeon HD 8870 OEM,2048,1280,243,534,46
Radeon HD 8870M,Radeon HD 8870M,2048,640,216,535,50
Radeon HD 8950 OEM,Radeon HD 8950 OEM,3072,1792,255,536,46
Radeon HD 8950M,Radeon HD 8950M,2048,768,227,535,23
Radeon HD 8970 OEM,Radeon HD 8970 OEM,3072,2048,264,536,28
Radeon HD 8970M,Radeon HD 8970M,4096,1280,237,534,35
Radeon HD 8990 OEM,Radeon HD 8990 OEM,3072,2048,272,535,50
Radeon R7 240,Radeon R7 240,2048,320,207,535,48
Radeon R7 250,Radeon R7 250,1024,384,213,536,22
Radeon R7 250E,Radeon R7 250E,1024,512,213,534,40
Radeon R7 260,Radeon R7 260,2048,768,225,535,39
Radeon R7 260X,Radeon R7 260X,2048,896,233,535,47
Radeon R9 255 OEM,Radeon R9 255 OEM,2048,512,215,535,21
Radeon R9 260 OEM,Radeon R9 260 OEM,1024,896,232,535,31
Radeon R9 270,Radeon R9 270,2048,1280,240,535,31
Radeon R9 270X,Radeon R9 270X,2048,1280,245,535,29
Radeon R9 280X,Radeon R9 280X,3072,2048,269,534,39
Radeon R9 290,Radeon R9 290,4096,2560,281,534,40
Radeon R9 290X,Radeon R9 290X,4096,2816,293,535,38
Radeon Sky 500,Radeon Sky 500,4096,1280,241,534,47
Radeon Sky 700,Radeon Sky 700,6144,1792,255,535,40
Radeon Sky 900,Radeon Sky 900,3072,1792,259,535,43
FirePro D300,FirePro D300,2048,1280,237,535,31
FirePro D500,FirePro D500,3072,1536,241,535,43
FirePro D700,FirePro D700,6144,2048,260,536,47
FirePro M6100,FirePro M6100,2048,896,231,535,26
FirePro S10000 Passive 12GB,FirePro S10000 Passive 12GB,6144,1792,261,535,21
FirePro S4000X,FirePro S4000X,2048,640,216,534,29
FirePro S9050,FirePro S9050,12288,1792,255,535,49
FirePro S9100,FirePro S9100,12288,2560,270,534,45
FirePro S9150,FirePro S9150,16384,2816,283,536,42
FirePro W2100,FirePro W2100,2048,320,207,534,41
FirePro W4100,FirePro W4100,2048,512,210,534,22
FirePro W4170M,FirePro W4170M,2048,384,211,535,47
FirePro W5100,FirePro W5100,4096,768,222,534,32
FirePro W5170M,FirePro W5170M,2048,640,219,536,29
FirePro W6170M,FirePro W6170M,2048,896,231,536,20
FirePro W7100,FirePro W7100,8192,1792,254,536,34
FirePro W8100,FirePro W8100,8192,2560,270,535,46
FirePro W9100,FirePro W9100,16384,2816,287,535,36
Radeon E8860,Radeon E8860,2048,640,212,534,30
Radeon HD 8210 IGP,Radeon HD 8210 IGP,0,128,201,535,49
Radeon HD 8530M,Radeon HD 8530M,1024,320,207,535,38
Radeon HD 8550M,Radeon HD 8550M,1024,320,209,535,43
Radeon R4 Mobile Graphics,Radeon R4 Mobile Graphics,0,128,203,535,48
Radeon R4 Mobile Graphics,Radeon R4 Mobile Graphics,0,192,203,535,20
Radeon R4E Mobile Graphics,Radeon R4E Mobile Graphics,0,128,203,536,39
Radeon R5 230,Radeon R5 230,1024,160,203,535,41
Radeon R5 A220,Radeon R5 A220,1024,160,204,534,38
Radeon R5 A230,Radeon R5 A230,4096,320,209,535,45
Radeon R5 A240,Radeon R5 A240,1024,320,211,535,40
Radeon R5 A240,Radeon R5 A240,2048,320,208,535,43
Radeon R5 A255,Radeon R5 A255,1024,384,212,534,34
Radeon R5 Graphics,Radeon R5 Graphics,0,256,204,535,37
Radeon R5 Graphics,Radeon R5 Graphics,0,256,206,534,42
Radeon R5 M230,Radeon R5 M230,2048,320,207,535,20
Radeon R5 M230,Radeon R5 M230,4096,320,209,535,33
Radeon R5 M230 Rebrand,Radeon R5 M230 Rebrand,1024,320,209,536,20
Radeon R5 M240,Radeon R5 M240,1024,320,211,535,33
Radeon R5 M240 Rebrand,Radeon R5 M240 Rebrand,1024,384,209,535,41
Radeon R5 M255,Radeon R5 M255,2048,384,212,535,31
Radeon R5 Mobile Graphics,Radeon R5 Mobile Graphics,0,128,203,536,38
Radeon R5 Mobile Graphics,Radeon R5 Mobile Graphics,0,256,205,535,46
Radeon R5E Mobile Graphics,Radeon R5E Mobile Graphics,0,128,203,535,25
Radeon R6 M255DX,Radeon R6 M255DX,0,320,209,535,38
Radeon R6 M255DX,Radeon R6 M255DX,0,384,212,535,21
Radeon R6 Mobile Graphics,Radeon R6 Mobile Graphics,0,384,206,535,35
Radeon R7 250X,Radeon R7 250X,1024,640,220,535,44
Radeon R7 250XE,Radeon R7 250XE,1024,640,218,535,28
Radeon R7 265,Radeon R7 265,2048,1024,232,535,30
Radeon R7 265X OEM,Radeon R7 265X OEM,2048,1280,240,534,41
Radeon R7 A260,Radeon R7 A260,1024,384,212,535,24
Radeon R7 A265,Radeon R7 A265,2048,384,210,536,26
Radeon R7 Graphics,Radeon R7 Graphics,0,512,211,535,20
Radeon R7 Graphics,Radeon R7 Graphics,0,384,208,535,34
Radeon R7 M260,Radeon R7 M260,2048,384,212,536,30
Radeon R7 M260DX,Radeon R7 M260DX,0,320,211,534,45
Radeon R7 M260DX,Radeon R7 M260DX,0,320,209,536,48
Radeon R7 M260DX,Radeon R7 M260DX,0,384,212,535,37
Radeon R7 M265,Radeon R7 M265,2048,384,210,536,44
Radeon R7 M265,Radeon R7 M265,2048,384,212,535,31
Radeon R7 M265DX,Radeon R7 M265DX,0,384,212,534,21
Radeon R7 M265DX,Radeon R7 M265DX,0,320,209,535,38
Radeon R7 M265DX,Radeon R7 M265DX,0,384,212,535,21
Radeon R7 M270,Radeon R7 M270,2048,384,210,535,22
Radeon R7 M270DX,Radeon R7 M270DX,0,384,212,535,29
Radeon R7 M270DX,Radeon R7 M270DX,0,320,209,535,24
Radeon R7 Mobile Graphics,Radeon R7 Mobile Graphics,0,384,207,535,20
Radeon R9 280,Radeon R9 280,3072,1792,256,536,38
Radeon R9 285,Radeon R9 285,2048,1792,255,534,38
Radeon R9 290X2,Radeon R9 290X2,4096,2816,301,536,43
Radeon R9 295X2,Radeon R9 295X2,4096,2816,300,535,45
Radeon R9 M265X,Radeon R9 M265X,2048,640,213,534,23
Radeon R9 M270X,Radeon R9 M270X,2048,640,216,535,23
Radeon R9 M275,Radeon R9 M275,2048,640,219,535,40
Radeon R9 M275X,Radeon R9 M275X,2048,640,219,534,29
Radeon R9 M290X,Radeon R9 M290X,4096,1280,237,535,32
Radeon R9 M290X Mac Edition,Radeon R9 M290X Mac Edition,2048,1024,232,535,42
Radeon R9 M295X,Radeon R9 M295X,4096,2048,251,536,44
Radeon R9 M295X Mac Edition,Radeon R9 M295X Mac Edition,4096,2048,259,535,41
FirePro M4170,FirePro M4170,1024,384,211,536,43
FirePro S9170,FirePro S9170,32768,2816,287,535,34
FirePro W4170M,FirePro W4170M,2048,384,211,535,27
FirePro W4190M,FirePro W4190M,2048,384,211,535,44
FirePro W4300,FirePro W4300,4096,768,222,535,28
FirePro W5130M,FirePro W5130M,2048,512,215,534,40
FirePro W6150M,FirePro W6150M,4096,768,226,535,25
FirePro W7170M,FirePro W7170M,4096,2048,247,534,48
Radeon E6465,Radeon E6465,2048,160,203,534,35
Radeon E8870 MXM,Radeon E8870 MXM,4096,768,225,534,35
Radeon E8870 PCIe,Radeon E8870 PCIe,4096,768,225,535,27
Radeon E8950,Radeon E8950,8192,2048,265,535,40
Radeon R2 Mobile Graphics,Radeon R2 Mobile Graphics,0,128,201,536,41
Radeon R2 Mobile Graphics,Radeon R2 Mobile Graphics,0,128,202,535,26
Radeon R2E Mobile Graphics,Radeon R2E Mobile Graphics,0,128,201,535,42
Radeon R3 Mobile Graphics,Radeon R3 Mobile Graphics,0,128,202,535,21
Radeon R3E Mobile Graphics,Radeon R3E Mobile Graphics,0,128,201,535,50
Radeon R5 310 OEM,Radeon R5 310 OEM,1024,160,205,536,43
Radeon R5 310 OEM,Radeon R5 310 OEM,2048,160,204,535,48
Radeon R5 330 OEM,Radeon R5 330 OEM,2048,320,209,535,22
Radeon R5 340 OEM,Radeon R5 340 OEM,1024,384,210,535,49
Radeon R5 340X OEM,Radeon R5 340X OEM,2048,384,211,534,41
Radeon R5 A320,Radeon R5 A320,1024,320,209,535,42
Radeon R5 A330,Radeon R5 A330,2048,320,211,535,39
Radeon R5 A335,Radeon R5 A335,2048,320,211,534,46
Radeon R5 M315,Radeon R5 M315,2048,384,212,536,45
Radeon R5 M320,Radeon R5 M320,4096,320,209,535,29
Radeon R5 M330,Radeon R5 M330,2048,320,210,535,37
Radeon R5 M335,Radeon R5 M335,2048,320,211,535,42
Radeon R5 Mobile Graphics,Radeon R5 Mobile Graphics,0,384,208,535,50
Radeon R6 M335DX,Radeon R6 M335DX,0,384,213,535,21
Radeon R6 M340DX,Radeon R6 M340DX,0,384,213,536,46
Radeon R6 Mobile Graphics,Radeon R6 Mobile Graphics,0,384,208,535,25
Radeon R7 340 OEM,Radeon R7 340 OEM,2048,384,210,535,30
Radeon R7 340 OEM,Radeon R7 340 OEM,2048,384,210,536,23
Radeon R7 350 Fake Card,Radeon R7 350 Fake Card,2048,384,212,535,50
Radeon R7 350 OEM,Radeon R7 350 OEM,2048,384,213,535,26
Radeon R7 350X OEM,Radeon R7 350X OEM,4096,384,213,535,48
Radeon R7 360,Radeon R7 360,2048,768,227,535,34
Radeon R7 360 896SP,Radeon R7 360 896SP,2048,896,232,534,45
Radeon R7 360E,Radeon R7 360E,2048,768,226,535,43
Radeon R7 370,Radeon R7 370,2048,1024,233,535,20
Radeon R7 A360,Radeon R7 A360,2048,384,214,535,48
Radeon R7 A360,Radeon R7 A360,2048,384,210,536,27
Radeon R7 M260X,Radeon R7 M260X,1024,384,209,536,32
Radeon R7 M340,Radeon R7 M340,2048,320,211,534,21
Radeon R7 M340,Radeon R7 M340,1024,384,209,535,41
Radeon R7 M350,Radeon R7 M350,4096,384,212,535,46
Radeon R7 M350 2GB,Radeon R7 M350 2GB,2048,384,210,536,35
Radeon R7 M360,Radeon R7 M360,2048,384,214,534,36
Radeon R7 M365X,Radeon R7 M365X,1024,384,210,535,29
Radeon R7 M370,Radeon R7 M370,2048,384,212,536,30
Radeon R7 M380,Radeon R7 M380,4096,640,218,535,29
Radeon R7 Mobile Graphics,Radeon R7 Mobile Graphics,0,512,211,535,41
Radeon R8 M350DX,Radeon R8 M350DX,0,384,213,535,45
Radeon R8 M365DX,Radeon R8 M365DX,0,384,214,534,28
Radeon R9 270 1024SP,Radeon R9 270 1024SP,2048,1024,232,536,20
Radeon R9 360 OEM,Radeon R9 360 OEM,2048,768,226,535,29
Radeon R9 370,Radeon R9 370,2048,1280,241,534,40
Radeon R9 370 1024SP,Radeon R9 370 1024SP,2048,1024,234,534,31
Radeon R9 370X,Radeon R9 370X,2048,1280,245,535,41
Radeon R9 380,Radeon R9 380,2048,1792,258,534,31
Radeon R9 380 OEM,Radeon R9 380 OEM,4096,1792,255,535,32
Radeon R9 380X,Radeon R9 380X,4096,2048,265,536,41
Radeon R9 390,Radeon R9 390,8192,2560,285,535,47
Radeon R9 390 X2,Radeon R9 390 X2,8192,2560,293,534,20
Radeon R9 390X,Radeon R9 390X,8192,2816,297,536,26
Radeon R9 A375,Radeon R9 A375,2048,640,220,535,43
Radeon R9 FURY,Radeon R9 FURY,4096,3584,316,535,36
Radeon R9 FURY X,Radeon R9 FURY X,4096,4096,339,534,39
Radeon R9 M270X,Radeon R9 M270X,2048,768,224,536,38
Radeon R9 M280X,Radeon R9 M280X,4096,896,228,535,24
Radeon R9 M280X,Radeon R9 M280X,2048,896,231,535,23
Radeon R9 M360,Radeon R9 M360,4096,512,215,534,32
Radeon R9 M365X,Radeon R9 M365X,4096,640,219,535,49
Radeon R9 M370X Mac Edition,Radeon R9 M370X Mac Edition,2048,640,216,534,42
Radeon R9 M375,Radeon R9 M375,2048,640,220,535,23
Radeon R9 M375X,Radeon R9 M375X,2048,640,220,534,40
Radeon R9 M380,Radeon R9 M380,4096,768,224,535,46
Radeon R9 M380 Mac Edition,Radeon R9 M380 Mac Edition,2048,768,225,535,47
Radeon R9 M385,Radeon R9 M385,4096,896,228,535,47
Radeon R9 M385X,Radeon R9 M385X,4096,896,231,535,20
Radeon R9 M390 Mac Edition,Radeon R9 M390 Mac Edition,2048,1024,232,535,24
Radeon R9 M390X,Radeon R9 M390X,4096,2048,247,535,31
Radeon R9 M395 Mac Edition,Radeon R9 M395 Mac Edition,2048,1792,252,534,49
Radeon R9 M395X,Radeon R9 M395X,8192,2048,247,534,41
Radeon R9 M395X Mac Edition,Radeon R9 M395X Mac Edition,4096,2048,263,536,39
Radeon R9 Nano,Radeon R9 Nano,4096,4096,330,535,46
FirePro S7100X,FirePro S7100X,8192,2048,248,535,20
FirePro S7150,FirePro S7150,8192,2048,261,534,44
FirePro S7150 x2,FirePro S7150 x2,8192,1792,257,535,34
FirePro S9300 X2,FirePro S9300 X2,4096,4096,330,535,41
Playstation 4 Pro GPU,Playstation 4 Pro GPU,8192,2304,268,536,32
Playstation 4 Slim GPU,Playstation 4 Slim GPU,8192,1152,230,535,26
Radeon E9260 MXM,Radeon E9260 MXM,4096,896,230,535,34
Radeon E9260 PCIe,Radeon E9260 PCIe,4096,896,235,536,46
Radeon E9550 MXM,Radeon E9550 MXM,8192,2304,290,535,31
Radeon Instinct MI6,Radeon Instinct MI6,8192,2304,291,536,43
Radeon Instinct MI8,Radeon Instinct MI8,4096,4096,330,536,33
Radeon Pro 450,Radeon Pro 450,2048,640,216,535,43
Radeon Pro 455,Radeon Pro 455,2048,768,220,535,49
Radeon Pro 460,Radeon Pro 460,4096,1024,229,535,49
Radeon Pro Duo,Radeon Pro Duo,4096,4096,334,535,39
Radeon Pro SSG,Radeon Pro SSG,4096,4096,338,535,46
Radeon Pro WX 4100,Radeon Pro WX 4100,4096,1024,239,536,23
Radeon Pro WX 5100,Radeon Pro WX 5100,8192,1792,261,535,42
Radeon Pro WX 7100,Radeon Pro WX 7100,8192,2304,291,535,22
Radeon R1E Mobile Graphics,Radeon R1E Mobile Graphics,0,64,201,536,45
Radeon R1E Mobile Graphics,Radeon R1E Mobile Graphics,0,64,201,534,27
Radeon R1E Mobile Graphics,Radeon R1E Mobile Graphics,0,64,201,536,41
Radeon R2 Mobile Graphics,Radeon R2 Mobile Graphics,0,128,202,535,34
Radeon R2E Mobile Graphics,Radeon R2E Mobile Graphics,0,128,202,535,48
Radeon R3 Mobile Graphics,Radeon R3 Mobile Graphics,0,128,202,535,49
Radeon R4 Mobile Graphics,Radeon R4 Mobile Graphics,0,192,204,535,22
Radeon R4E Mobile Graphics,Radeon R4E Mobile Graphics,0,192,203,535,43
Radeon R5 430 OEM,Radeon R5 430 OEM,2048,384,210,536,23
Radeon R5 435 OEM,Radeon R5 435 OEM,2048,320,211,535,50
Radeon R5 M420,Radeon R5 M420,4096,320,209,534,40
Radeon R5 M430,Radeon R5 M430,2048,320,211,535,28
Radeon R5 M430,Radeon R5 M430,2048,320,211,534,21
Radeon R5 M430,Radeon R5 M430,4096,320,209,536,43
Radeon R5 M435,Radeon R5 M435,2048,320,211,534,28
Radeon R5 M445,Radeon R5 M445,4096,384,211,535,33
Radeon R5 M465,Radeon R5 M465,4096,384,212,534,31
Radeon R5 Mobile Graphics,Radeon R5 Mobile Graphics,0,192,205,535,50
Radeon R5E Mobile Graphics,Radeon R5E Mobile Graphics,0,192,205,534,28
Radeon R6 M435DX,Radeon R6 M435DX,0,384,213,535,23
Radeon R6E Mobile Graphics,Radeon R6E Mobile Graphics,0,384,209,535,39
Radeon R7 350,Radeon R7 350,2048,512,213,535,40
Radeon R7 430 OEM,Radeon R7 430 OEM,2048,384,210,534,23
Radeon R7 435 OEM,Radeon R7 435 OEM,2048,320,210,535,43
Radeon R7 450 OEM,Radeon R7 450 OEM,2048,512,215,535,32
Radeon R7 M440,Radeon R7 M440,4096,320,209,536,34
Radeon R7 M445,Radeon R7 M445,4096,320,210,535,34
Radeon R7 M460,Radeon R7 M460,2048,384,213,535,41
Radeon R7 M465,Radeon R7 M465,2048,384,210,536,37
Radeon R7 M465,Radeon R7 M465,2048,384,213,534,32
Radeon R7 M465X,Radeon R7 M465X,2048,512,215,536,39
Radeon R7E Mobile Graphics,Radeon R7E Mobile Graphics,0,384,207,535,30
Radeon R8 M435DX,Radeon R8 M435DX,0,384,213,535,28
Radeon R8 M445DX,Radeon R8 M445DX,0,320,211,535,22
Radeon R9 M470,Radeon R9 M470,4096,768,224,535,38
Radeon R9 M470X,Radeon R9 M470X,4096,896,231,534,32
Radeon R9 M485X,Radeon R9 M485X,8192,2048,251,535,28
Radeon RX 455 OEM,Radeon RX 455 OEM,2048,768,227,536,37
Radeon RX 460,Radeon RX 460,2048,896,234,535,35
Radeon RX 460 Mobile,Radeon RX 460 Mobile,4096,896,233,535,35
Radeon RX 470,Radeon RX 470,4096,2048,278,534,43
Radeon RX 470 Mobile,Radeon RX 470 Mobile,8192,2048,269,536,25
Radeon RX 470D,Radeon RX 470D,4096,1792,269,535,36
Radeon RX 480,Radeon RX 480,8192,2304,293,534,26
Radeon RX 480 Mobile,Radeon RX 480 Mobile,8192,2304,278,535,31
Radeon RX 580 OEM,Radeon RX 580 OEM,8192,2304,293,536,33
Xbox One S GPU,Xbox One S GPU,8192,768,223,535,37
Radeon 520 Mobile DDR3,Radeon 520 Mobile DDR3,2048,320,211,534,42
Radeon 520 Mobile GDDR5,Radeon 520 Mobile GDDR5,2048,320,211,535,40
Radeon 520 OEM,Radeon 520 OEM,2048,320,211,534,36
Radeon 530 Mobile DDR3,Radeon 530 Mobile DDR3,2048,384,213,536,48
Radeon 530 Mobile GDDR5,Radeon 530 Mobile GDDR5,2048,384,211,535,21
Radeon 530X Mobile,Radeon 530X Mobile,2048,384,213,535,50
Radeon 535 Mobile,Radeon 535 Mobile,2048,384,212,536,28
Radeon 540,Radeon 540,1024,384,214,534,34
Radeon 550,Radeon 550,2048,512,219,534,46
Radeon E9171 MCM,Radeon E9171 MCM,4096,512,219,534,21
Radeon E9172 MXM,Radeon E9172 MXM,2048,512,219,534,29
Radeon E9173 PCIe,Radeon E9173 PCIe,2048,512,219,534,36
Radeon E9174 MXM,Radeon E9174 MXM,4096,512,219,535,23
Radeon E9175 PCIe,Radeon E9175 PCIe,4096,512,219,535,38
Radeon Instinct MI25,Radeon Instinct MI25,16384,4096,396,534,20
Radeon Pro 555,Radeon Pro 555,2048,768,221,534,25
Radeon Pro 560,Radeon Pro 560,4096,1024,230,535,29
Radeon Pro 570,Radeon Pro 570,4096,1792,264,536,22
Radeon Pro 575,Radeon Pro 575,4096,2048,272,536,34
Radeon Pro 580,Radeon Pro 580,8192,2304,289,535,21
Radeon Pro Duo Polaris,Radeon Pro Duo Polaris,16384,2304,294,535,23
Radeon Pro SSG,Radeon Pro SSG,16384,4096,395,535,36
Radeon Pro V320,Radeon Pro V320,8192,3584,370,534,44
Radeon Pro Vega 56,Radeon Pro Vega 56,8192,3584,342,534,46
Radeon Pro Vega 64,Radeon Pro Vega 64,16384,4096,376,534,43
Radeon Pro WX 2100,Radeon Pro WX 2100,2048,512,219,535,25
Radeon Pro WX 3100,Radeon Pro WX 3100,4096,512,220,535,28
Radeon Pro WX 4130 Mobile,Radeon Pro WX 4130 Mobile,2048,640,221,536,41
Radeon Pro WX 4150 Mobile,Radeon Pro WX 4150 Mobile,4096,896,230,535,38
Radeon Pro WX 4170 Mobile,Radeon Pro WX 4170 Mobile,4096,1024,239,536,38
Radeon Pro WX 7100 Mobile,Radeon Pro WX 7100 Mobile,8192,2304,291,535,44
Radeon Pro WX 7130 Mobile,Radeon Pro WX 7130 Mobile,8192,2304,291,535,31
Radeon Pro WX 8100,Radeon Pro WX 8100,8192,3584,370,536,41
Radeon Pro WX 9100,Radeon Pro WX 9100,16384,4096,394,535,29
Radeon R5 Graphics,Radeon R5 Graphics,0,384,210,535,46
Radeon R8 M535DX,Radeon R8 M535DX,0,320,209,535,36
Radeon RX 460 1024SP,Radeon RX 460 1024SP,2048,1024,239,535,29
Radeon RX 540 Mobile,Radeon RX 540 Mobile,2048,512,217,535,39
Radeon RX 550,Radeon RX 550,2048,512,219,535,36
Radeon RX 550 512SP,Radeon RX 550 512SP,2048,512,217,534,34
Radeon RX 550 640SP,Radeon RX 550 640SP,2048,640,222,535,22
Radeon RX 550 Mobile,Radeon RX 550 Mobile,2048,640,226,536,36
Radeon RX 560,Radeon RX 560,4096,1024,241,535,36
Radeon RX 560 896SP,Radeon RX 560 896SP,4096,896,233,535,50
Radeon RX 560 Mobile,Radeon RX 560 Mobile,4096,1024,239,536,50
Radeon RX 560 Mobile,Radeon RX 560 Mobile,4096,896,229,534,42
Radeon RX 560 Mobile,Radeon RX 560 Mobile,4096,896,230,535,26
Radeon RX 560D,Radeon RX 560D,4096,896,233,534,29
Radeon RX 570,Radeon RX 570,4096,2048,282,536,27
Radeon RX 570 Mobile,Radeon RX 570 Mobile,8192,2048,278,535,41
Radeon RX 580,Radeon RX 580,8192,2304,299,535,46
Radeon RX 580 Mobile,Radeon RX 580 Mobile,8192,2304,278,535,49
Radeon RX Vega 10 Mobile,Radeon RX Vega 10 Mobile,0,640,225,535,47
Radeon RX Vega 56,Radeon RX Vega 56,8192,3584,367,535,40
Radeon RX Vega 64,Radeon RX Vega 64,8192,4096,401,535,33
Radeon RX Vega 64 Limited Edition,Radeon RX Vega 64 Limited Edition,8192,4096,401,535,48
Radeon RX Vega 64 Liquid Cooling,Radeon RX Vega 64 Liquid Cooling,8192,4096,419,535,30
Radeon Vega 8 Mobile,Radeon Vega 8 Mobile,0,512,217,535,36
Radeon Vega Frontier Edition,Radeon Vega Frontier Edition,16384,4096,408,535,49
Radeon Vega Frontier Edition Watercooled,Radeon Vega Frontier Edition Watercooled,16384,4096,410,535,48
Xbox One X GPU,Xbox One X GPU,12288,2560,295,534,45
Radeon 540X Mobile,Radeon 540X Mobile,2048,512,217,536,42
Radeon 550X 640SP,Radeon 550X 640SP,4096,640,221,535,24
Radeon 550X Mobile,Radeon 550X Mobile,2048,640,222,535,30
Radeon Instinct MI50,Radeon Instinct MI50,16384,3840,413,535,22
Radeon Instinct MI60,Radeon Instinct MI60,32768,4096,434,535,39
Radeon Pro 555X,Radeon Pro 555X,4096,768,222,535,21
Radeon Pro 560X,Radeon Pro 560X,4096,1024,233,535,32
Radeon Pro V340 16 GB,Radeon Pro V340 16 GB,16384,3584,370,535,41
Radeon Pro V340 8 GB,Radeon Pro V340 8 GB,8192,3584,370,534,21
Radeon Pro Vega 16,Radeon Pro Vega 16,4096,1024,239,535,23
Radeon Pro Vega 20,Radeon Pro Vega 20,4096,1280,252,534,22
Radeon Pro WX 8200,Radeon Pro WX 8200,8192,3584,370,535,24
Radeon Pro WX Vega M GL,Radeon Pro WX Vega M GL,4096,1280,241,535,35
Radeon RX 540X Mobile,Radeon RX 540X Mobile,2048,512,219,535,50
Radeon RX 550X,Radeon RX 550X,4096,512,219,535,39
Radeon RX 550X 640SP,Radeon RX 550X 640SP,2048,640,222,534,46
Radeon RX 550X Mobile,Radeon RX 550X Mobile,2048,640,224,534,40
Radeon RX 560DX,Radeon RX 560DX,4096,896,233,535,29
Radeon RX 560X,Radeon RX 560X,4096,1024,241,535,22
Radeon RX 560X Mobile,Radeon RX 560X Mobile,4096,1024,241,535,41
Radeon RX 560X Mobile,Radeon RX 560X Mobile,4096,1024,241,535,36
Radeon RX 560X Mobile,Radeon RX 560X Mobile,2048,1024,239,535,42
Radeon RX 570X,Radeon RX 570X,8192,2048,282,534,44
Radeon RX 580 2048SP,Radeon RX 580 2048SP,4096,2048,284,535,40
Radeon RX 580G,Radeon RX 580G,8192,2304,298,536,24
Radeon RX 580X,Radeon RX 580X,8192,2304,299,535,21
Radeon RX 580X Mobile,Radeon RX 580X Mobile,8192,2304,292,535,44
Radeon RX 590,Radeon RX 590,8192,2304,313,535,49
Radeon RX Vega 11,Radeon RX Vega 11,0,704,227,535,29
Radeon RX Vega 11,Radeon RX Vega 11,0,704,227,535,27
Radeon RX Vega 11 Embedded,Radeon RX Vega 11 Embedded,0,704,227,536,30
Radeon RX Vega 56 Mobile,Radeon RX Vega 56 Mobile,8192,3584,346,534,43
Radeon RX Vega M GH,Radeon RX Vega M GH,4096,1536,258,535,42
Radeon RX Vega M GL,Radeon RX Vega M GL,4096,1280,241,535,35
Radeon Vega 11 Embedded,Radeon Vega 11 Embedded,0,704,228,534,29
Radeon Vega 3 Embedded,Radeon Vega 3 Embedded,0,192,206,534,31
Radeon Vega 3 Embedded,Radeon Vega 3 Embedded,0,192,206,536,46
Radeon Vega 3 Embedded,Radeon Vega 3 Embedded,0,192,206,535,34
Radeon Vega 3 Mobile,Radeon Vega 3 Mobile,0,192,206,535,22
Radeon Vega 6 Embedded,Radeon Vega 6 Embedded,0,384,215,534,46
Radeon Vega 6 Mobile,Radeon Vega 6 Mobile,0,384,213,535,25
Radeon Vega 8,Radeon Vega 8,0,512,217,535,25
Radeon Vega 8 Embedded,Radeon Vega 8 Embedded,0,512,217,535,20
Radeon Vega 8 Embedded,Radeon Vega 8 Embedded,0,512,217,535,30
Zhongshan Subor Z+ GPU,Zhongshan Subor Z+ GPU,8192,1536,263,535,43
Radeon 540 Mobile,Radeon 540 Mobile,2048,512,217,535,27
Radeon 540X Mobile,Radeon 540X Mobile,2048,512,218,535,42
Radeon 550X,Radeon 550X,2048,512,219,535,32
Radeon 610 Mobile,Radeon 610 Mobile,2048,320,211,536,39
Radeon 620 Mobile,Radeon 620 Mobile,2048,384,211,535,49
Radeon 625 Mobile,Radeon 625 Mobile,2048,384,213,536,26
Radeon 625 OEM,Radeon 625 OEM,2048,384,212,535,44
Radeon 630 Mobile,Radeon 630 Mobile,2048,512,219,534,41
Radeon E9390 PCIe,Radeon E9390 PCIe,8192,1792,261,536,34
Radeon E9560 PCIe,Radeon E9560 PCIe,8192,2304,290,535,45
Radeon Pro 5300M,Radeon Pro 5300M,4096,1280,251,535,39
Radeon Pro 5500M,Radeon Pro 5500M,8192,1536,270,535,41
Radeon Pro 570X,Radeon Pro 570X,4096,1792,264,535,46
Radeon Pro 575X,Radeon Pro 575X,4096,2048,272,535,32
Radeon Pro 580X,Radeon Pro 580X,8192,2304,289,535,25
Radeon Pro Vega 48,Radeon Pro Vega 48,8192,3072,314,535,42
Radeon Pro Vega 64X,Radeon Pro Vega 64X,16384,4096,391,536,30
Radeon Pro Vega II,Radeon Pro Vega II,32768,4096,428,536,44
Radeon Pro Vega II Duo,Radeon Pro Vega II Duo,32768,4096,428,535,20
Radeon Pro W5300M,Radeon Pro W5300M,4096,1280,251,536,20
Radeon Pro W5500X,Radeon Pro W5500X,8192,1536,286,535,26
Radeon Pro W5700,Radeon Pro W5700,8192,2304,338,535,38
Radeon Pro W5700X,Radeon Pro W5700X,16384,2560,365,534,38
Radeon Pro WX 3200,Radeon Pro WX 3200,4096,640,227,534,41
Radeon Pro WX 3200 Mobile,Radeon Pro WX 3200 Mobile,4096,640,222,536,49
Radeon R7 350 640SP,Radeon R7 350 640SP,2048,640,219,534,45
Radeon RX 5300 XT OEM,Radeon RX 5300 XT OEM,4096,1408,282,536,50
Radeon RX 5300M,Radeon RX 5300M,3072,1408,264,534,27
Radeon RX 5500 OEM,Radeon RX 5500 OEM,4096,1408,282,535,35
Radeon RX 5500 XT,Radeon RX 5500 XT,4096,1408,283,535,36
Radeon RX 5500M,Radeon RX 5500M,4096,1408,273,536,44
Radeon RX 560 XT,Radeon RX 560 XT,4096,1792,271,535,28
Radeon RX 560X Mobile,Radeon RX 560X Mobile,4096,896,235,535,40
Radeon RX 5700,Radeon RX 5700,8192,2304,326,535,32
Radeon RX 5700 XT,Radeon RX 5700 XT,8192,2560,355,536,29
Radeon RX 5700 XT 50th Anniversary,Radeon RX 5700 XT 50th Anniversary,8192,2560,361,535,49
Radeon RX 640 Mobile,Radeon RX 640 Mobile,2048,640,225,534,45
Radeon RX Vega 11,Radeon RX Vega 11,0,704,230,534,43
Radeon RX Vega 11 Mobile,Radeon RX Vega 11 Mobile,0,704,230,535,43
Radeon Vega 10 Mobile,Radeon Vega 10 Mobile,0,640,227,535,37
Radeon Vega 10 Mobile,Radeon Vega 10 Mobile,0,640,225,534,32
Radeon Vega 10 Mobile,Radeon Vega 10 Mobile,0,640,227,535,46
Radeon Vega 11,Radeon Vega 11,0,704,230,535,29
Radeon Vega 3,Radeon Vega 3,0,192,206,535,20
Radeon Vega 3 Embedded,Radeon Vega 3 Embedded,0,192,206,536,20
Radeon Vega 3 Embedded,Radeon Vega 3 Embedded,0,192,207,534,48
Radeon Vega 3 Mobile,Radeon Vega 3 Mobile,0,192,206,535,42
Radeon Vega 6 Mobile,Radeon Vega 6 Mobile,0,384,213,535,41
Radeon Vega 6 Mobile,Radeon Vega 6 Mobile,0,384,214,535,39
Radeon Vega 8,Radeon Vega 8,0,512,219,534,41
Radeon Vega 8 Mobile,Radeon Vega 8 Mobile,0,512,217,535,22
Radeon Vega 8 Mobile,Radeon Vega 8 Mobile,0,512,218,534,25
Radeon Vega 8 Mobile,Radeon Vega 8 Mobile,0,512,218,535,31
Radeon Vega 9 Mobile,Radeon Vega 9 Mobile,0,576,222,535,29
Radeon VII,Radeon VII,16384,3840,413,535,43
AeroBox GPU,AeroBox GPU,8192,896,229,535,30
Atari VCS 400 GPU,Atari VCS 400 GPU,4096,192,207,535,39
Atari VCS 800 GPU,Atari VCS 800 GPU,8192,192,207,535,50
Playstation 5 GPU,Playstation 5 GPU,16384,2304,362,534,44
Radeon Graphics 320SP Mobile,Radeon Graphics 320SP Mobile,0,320,213,535,28
Radeon Graphics 384SP Mobile,Radeon Graphics 384SP Mobile,0,384,217,534,24
Radeon Graphics 448SP,Radeon Graphics 448SP,0,448,226,535,22
Radeon Graphics 448SP Mobile,Radeon Graphics 448SP Mobile,0,448,221,535,37
Radeon Graphics 512SP,Radeon Graphics 512SP,0,512,233,534,47
Radeon Graphics 512SP Mobile,Radeon Graphics 512SP Mobile,0,512,227,535,45
Radeon Instinct MI100,Radeon Instinct MI100,32768,7680,561,534,33
Radeon Pro 5300,Radeon Pro 5300,4096,1280,267,535,29
Radeon Pro 5500 XT,Radeon Pro 5500 XT,8192,1536,286,535,47
Radeon Pro 5600M,Radeon Pro 5600M,8192,2560,291,535,46
Radeon Pro 5700,Radeon Pro 5700,8192,2304,298,536,26
Radeon Pro 5700 XT,Radeon Pro 5700 XT,16384,2560,321,535,30
Radeon Pro V520,Radeon Pro V520,8192,2304,318,534,47
Radeon Pro VII,Radeon Pro VII,16384,3840,406,534,41
Radeon Pro W5500,Radeon Pro W5500,8192,1408,283,534,45
Radeon Pro W5500M,Radeon Pro W5500M,4096,1408,273,536,36
Radeon RX 5300 OEM,Radeon RX 5300 OEM,3072,1408,273,535,32
Radeon RX 5600 OEM,Radeon RX 5600 OEM,6144,2048,301,536,22
Radeon RX 5600 XT,Radeon RX 5600 XT,6144,2304,314,535,48
Radeon RX 5600M,Radeon RX 5600M,6144,2304,293,535,35
Radeon RX 5700M,Radeon RX 5700M,8192,2304,326,535,40
Radeon RX 590 GME,Radeon RX 590 GME,8192,2304,304,534,45
Radeon RX 640 OEM,Radeon RX 640 OEM,4096,640,226,536,43
Radeon RX 6800,Radeon RX 6800,16384,3840,454,534,26
Radeon RX 6800 XT,Radeon RX 6800 XT,16384,4608,526,536,29
Radeon RX 6900 XT,Radeon RX 6900 XT,16384,5120,561,535,41
Radeon Vega 3 Mobile,Radeon Vega 3 Mobile,0,192,206,535,21
Xbox Series S GPU,Xbox Series S GPU,8192,1280,264,535,43
Xbox Series X GPU,Xbox Series X GPU,10240,3328,391,535,29
Radeon Graphics 384SP,Radeon Graphics 384SP,0,384,220,536,41
Radeon Graphics 384SP Mobile,Radeon Graphics 384SP Mobile,0,384,219,535,23
Radeon Graphics 448SP,Radeon Graphics 448SP,0,448,227,536,33
Radeon Graphics 448SP Mobile,Radeon Graphics 448SP Mobile,0,448,225,534,37
Radeon Graphics 448SP Mobile,Radeon Graphics 448SP Mobile,0,448,225,536,26
Radeon Graphics 512SP,Radeon Graphics 512SP,0,512,232,535,30
Radeon Graphics 512SP Mobile,Radeon Graphics 512SP Mobile,0,512,232,534,50
Radeon Graphics 512SP Mobile,Radeon Graphics 512SP Mobile,0,512,230,535,42
Radeon Instinct MI200,Radeon Instinct MI200,65536,6656,555,536,44
Radeon Instinct MI210,Radeon Instinct MI210,65536,6656,555,535,23
Radeon Instinct MI250,Radeon Instinct MI250,131072,13312,907,535,42
Radeon Instinct MI250X,Radeon Instinct MI250X,131072,14080,947,535,24
Radeon PRO V620,Radeon PRO V620,32768,4608,519,535,42
Radeon PRO W6600,Radeon PRO W6600,8192,1792,344,535,35
Radeon Pro W6600M,Radeon Pro W6600M,8192,1792,314,534,41
Radeon Pro W6600X,Radeon Pro W6600X,8192,2048,358,535,34
Radeon PRO W6800,Radeon PRO W6800,32768,3840,479,534,30
Radeon Pro W6800X,Radeon Pro W6800X,32768,3840,451,535,46
Radeon Pro W6800X Duo,Radeon Pro W6800X Duo,32768,3840,442,536,21
Radeon Pro W6900X,Radeon Pro W6900X,32768,5120,548,535,20
Radeon RX 6600,Radeon RX 6600,8192,1792,340,535,21
Radeon RX 6600 XT,Radeon RX 6600 XT,8192,2048,366,535,44
Radeon RX 6600M,Radeon RX 6600M,8192,1792,335,535,34
Radeon RX 6700,Radeon RX 6700,10240,2304,377,536,49
Radeon RX 6700 XT,Radeon RX 6700 XT,12288,2560,408,535,44
Radeon RX 6700M,Radeon RX 6700M,10240,2304,373,535,37
Radeon RX 6800M,Radeon RX 6800M,12288,2560,391,534,27
Playstation 5 GPU,Playstation 5 GPU,16384,2304,362,535,49
Radeon 610M,Radeon 610M,0,128,207,535,43
Radeon 660M,Radeon 660M,0,384,222,535,21
Radeon 680M,Radeon 680M,0,768,253,535,46
Radeon Graphics 128SP,Radeon Graphics 128SP,0,128,208,535,36
Radeon Graphics 448SP Mobile,Radeon Graphics 448SP Mobile,0,448,225,535,47
Radeon Graphics 512SP Mobile,Radeon Graphics 512SP Mobile,0,512,232,536,42
Radeon PRO W6300,Radeon PRO W6300,2048,768,248,535,49
Radeon Pro W6300M,Radeon Pro W6300M,2048,768,248,535,27
Radeon PRO W6400,Radeon PRO W6400,4096,768,256,535,44
Radeon RX 6400,Radeon RX 6400,4096,768,256,534,39
Radeon RX 6500 XT,Radeon RX 6500 XT,4096,1024,291,535,50
Radeon RX 6500M,Radeon RX 6500M,4096,1024,276,536,47
Radeon RX 6600S,Radeon RX 6600S,4096,1792,312,536,25
Radeon RX 6650 XT,Radeon RX 6650 XT,8192,2048,370,534,38
Radeon RX 6650M,Radeon RX 6650M,8192,1792,336,536,36
Radeon RX 6650M XT,Radeon RX 6650M XT,8192,2048,355,534,46
Radeon RX 6700S,Radeon RX 6700S,8192,1792,312,536,30
Radeon RX 6750 XT,Radeon RX 6750 XT,12288,2560,410,535,41
Radeon RX 6800S,Radeon RX 6800S,8192,2048,334,535,20
Radeon RX 6850M XT,Radeon RX 6850M XT,12288,2560,407,535,40
Radeon RX 6950 XT,Radeon RX 6950 XT,16384,5120,571,535,26
Radeon RX 7900 XT,Radeon RX 7900 XT,20480,5376,998,535,28
Radeon RX 7900 XTX,Radeon RX 7900 XTX,24576,6144,1151,535,36
Steam Deck GPU,Steam Deck GPU,16384,512,225,535,28
Radeon 610M,Radeon 610M,0,128,208,536,40
Radeon 660M,Radeon 660M,0,384,222,535,46
Radeon 680M,Radeon 680M,0,768,253,534,31
Radeon 740M,Radeon 740M,0,256,239,535,48
Radeon 740M,Radeon 740M,0,256,244,534,49
Radeon 760M,Radeon 760M,0,512,282,535,29
Radeon 760M,Radeon 760M,0,512,282,535,24
Radeon 780M,Radeon 780M,0,768,327,535,50
Radeon 780M,Radeon 780M,0,768,327,535,24
Radeon Instinct MI300,Radeon Instinct MI300,131072,14080,950,535,40
Radeon Instinct MI300A,Radeon Instinct MI300A,196608,19456,1474,536,29
Radeon Instinct MI300X,Radeon Instinct MI300X,196608,19456,1474,535,44
Radeon Instinct MI308X,Radeon Instinct MI308X,196608,19456,1474,535,23
Radeon PRO W7500,Radeon PRO W7500,8192,1792,388,535,27
Radeon PRO W7600,Radeon PRO W7600,8192,2048,510,535,47
Radeon PRO W7700,Radeon PRO W7700,16384,3072,695,535,43
Radeon PRO W7800,Radeon PRO W7800,32768,4480,901,536,34
Radeon PRO W7800 48 GB,Radeon PRO W7800 48 GB,49152,4480,902,536,48
Radeon PRO W7900,Radeon PRO W7900,49152,6144,1149,534,35
Radeon RX 6450M,Radeon RX 6450M,4096,768,259,534,26
Radeon RX 6550M,Radeon RX 6550M,4096,1024,291,535,26
Radeon RX 6550S,Radeon RX 6550S,4096,1024,276,534,36
Radeon RX 6600 LE,Radeon RX 6600 LE,8192,1792,340,534,34
Radeon RX 6750 GRE 10 GB,Radeon RX 6750 GRE 10 GB,10240,2304,377,535,41
Radeon RX 6750 GRE 12 GB,Radeon RX 6750 GRE 12 GB,12288,2560,409,535,50
Radeon RX 7600,Radeon RX 7600,8192,2048,538,535,38
Radeon RX 7600M,Radeon RX 7600M,8192,1792,467,535,23
Radeon RX 7600M XT,Radeon RX 7600M XT,8192,2048,513,535,27
Radeon RX 7600S,Radeon RX 7600S,8192,1792,444,535,20
Radeon RX 7700 XT,Radeon RX 7700 XT,12288,3456,746,534,34
Radeon RX 7700S,Radeon RX 7700S,8192,2048,517,535,39
Radeon RX 7800 XT,Radeon RX 7800 XT,16384,3840,779,535,35
Radeon RX 7900 GRE,Radeon RX 7900 GRE,16384,5120,912,535,47
Radeon RX 7900M,Radeon RX 7900M,16384,4608,796,534,34
Ryzen Z1 Extreme GPU,Ryzen Z1 Extreme GPU,16384,768,328,535,32
Ryzen Z1 GPU,Ryzen Z1 GPU,16384,256,240,535,38
Steam Deck OLED GPU,Steam Deck OLED GPU,16384,512,225,535,29
Playstation 5 Pro GPU,Playstation 5 Pro GPU,16384,3840,483,534,35
Radeon 740M,Radeon 740M,0,256,245,535,39
Radeon 760M,Radeon 760M,0,512,282,535,48
Radeon 780M,Radeon 780M,0,768,337,535,37
Radeon 880M,Radeon 880M,0,768,268,534,35
Radeon 890M,Radeon 890M,0,1024,291,535,27
Radeon Instinct MI325X,Radeon Instinct MI325X,294912,19456,1480,535,35
Radeon PRO V710,Radeon PRO V710,28672,3456,628,536,45
Radeon RX 7600 XT,Radeon RX 7600 XT,16384,2048,551,535,39
Radeon RX 7800M,Radeon RX 7800M,12288,3840,755,536,30
Xbox Series X 6nm GPU,Xbox Series X 6nm GPU,10240,3328,391,534,44
Radeon 8040S,Radeon 8040S,0,1024,289,534,49
Radeon 8050S,Radeon 8050S,0,2048,377,535,38
Radeon 8060S,Radeon 8060S,0,2560,429,536,36
Radeon 860M,Radeon 860M,0,512,247,536,21
Radeon AI PRO R9700,Radeon AI PRO R9700,32768,4096,942,535,42
Radeon Instinct MI350X,Radeon Instinct MI350X,294912,16384,1332,535,28
Radeon Instinct MI355X,Radeon Instinct MI355X,294912,16384,1443,535,36
Radeon PRO W7900D,Radeon PRO W7900D,49152,6144,1149,536,34
Radeon RX 7400,Radeon RX 7400,8192,1792,454,535,43
Radeon RX 7650 GRE,Radeon RX 7650 GRE,8192,2048,543,536,34
Radeon RX 7700,Radeon RX 7700,16384,2560,613,534,26
Radeon RX 9060,Radeon RX 9060,8192,1792,532,535,46
Radeon RX 9060 XT 16 GB,Radeon RX 9060 XT 16 GB,16384,2048,597,535,50
Radeon RX 9060 XT 8 GB,Radeon RX 9060 XT 8 GB,8192,2048,597,536,20
Radeon RX 9070,Radeon RX 9070,16384,3584,760,534,40
Radeon RX 9070 GRE,Radeon RX 9070 GRE,12288,3072,732,536,21
Radeon RX 9070 GRE 16 GB,Radeon RX 9070 GRE 16 GB,16384,3072,732,535,43
Radeon RX 9070 XT,Radeon RX 9070 XT,16384,4096,955,535,41
Ryzen AI Z2 Extreme GPU,Ryzen AI Z2 Extreme GPU,16384,1024,285,534,26
Ryzen Z2 A GPU,Ryzen Z2 A GPU,16384,512,225,535,50
Ryzen Z2 Extreme GPU,Ryzen Z2 Extreme GPU,16384,1024,285,535,20
Ryzen Z2 Go GPU,Ryzen Z2 Go GPU,16384,768,264,535,20
Ryzen Z2 GPU,Ryzen Z2 GPU,16384,768,328,535,50
Xbox 360 GPU 90nm,Xbox 360 GPU 90nm,512,240,208,534,24
FireGL V3600,FireGL V3600,256,120,203,535,44
FireGL V5600,FireGL V5600,512,120,205,536,28
FireGL V7600,FireGL V7600,512,320,208,535,23
FireGL V7700,FireGL V7700,512,320,208,535,48
FireGL V8600,FireGL V8600,1024,320,210,535,45
FireGL V8650,FireGL V8650,2048,320,207,535,48
Mobility FireGL V5600,Mobility FireGL V5600,256,120,203,535,20
Mobility Radeon HD 2400,Mobility Radeon HD 2400,256,40,201,535,49
Mobility Radeon HD 2400 XT,Mobility Radeon HD 2400 XT,256,40,201,535,48
Mobility Radeon HD 2400 XT Mac Edition,Mobility Radeon HD 2400 XT Mac Edition,128,40,202,535,32
Mobility Radeon HD 2600,Mobility Radeon HD 2600,256,120,203,535,25
Mobility Radeon HD 2600 XT,Mobility Radeon HD 2600 XT,256,120,203,536,46
Mobility Radeon HD 2600 XT Mac Edition,Mobility Radeon HD 2600 XT Mac Edition,256,120,203,534,44
Mobility Radeon HD 2700,Mobility Radeon HD 2700,256,120,203,536,27
Radeon E2400,Radeon E2400,128,40,201,535,50
Radeon HD 2350 PRO,Radeon HD 2350 PRO,256,40,201,535,21
Radeon HD 2400 PRO,Radeon HD 2400 PRO,256,40,201,535,44
Radeon HD 2400 PRO AGP,Radeon HD 2400 PRO AGP,256,40,201,536,41
Radeon HD 2400 PRO PCI,Radeon HD 2400 PRO PCI,512,40,201,535,36
Radeon HD 2400 XT,Radeon HD 2400 XT,256,40,201,536,43
Radeon HD 2600 PRO,Radeon HD 2600 PRO,256,120,203,535,25
Radeon HD 2600 PRO AGP,Radeon HD 2600 PRO AGP,512,120,203,535,43
Radeon HD 2600 XT,Radeon HD 2600 XT,256,120,204,535,47
Radeon HD 2600 XT,Radeon HD 2600 XT,256,120,204,534,41
Radeon HD 2600 XT AGP,Radeon HD 2600 XT AGP,256,120,204,535,30
Radeon HD 2600 XT AGP,Radeon HD 2600 XT AGP,256,120,203,534,45
Radeon HD 2600 XT X2,Radeon HD 2600 XT X2,512,120,204,535,38
Radeon HD 2900 GT,Radeon HD 2900 GT,256,240,208,535,38
Radeon HD 2900 PRO,Radeon HD 2900 PRO,512,320,210,535,42
Radeon HD 2900 XT,Radeon HD 2900 XT,512,320,212,534,46
Radeon HD 3450,Radeon HD 3450,256,40,201,536,22
Radeon HD 3450 X2,Radeon HD 3450 X2,512,40,201,536,34
Radeon HD 3850,Radeon HD 3850,512,320,208,535,42
Radeon HD 3870,Radeon HD 3870,512,320,210,536,44
Xbox 360 GPU 80nm,Xbox 360 GPU 80nm,512,240,207,535,39
All-In-Wonder HD 3650,All-In-Wonder HD 3650,512,120,203,534,40
FireMV 2260,FireMV 2260,256,40,200,535,44
FireMV 2260 PCIe x1,FireMV 2260 PCIe x1,256,40,200,535,27
FirePro 2260 PCI,FirePro 2260 PCI,256,40,200,536,29
FirePro V3700,FirePro V3700,256,40,201,536,31
FirePro V3750,FirePro V3750,256,320,206,535,33
FirePro V5700,FirePro V5700,512,320,208,534,46
FirePro V8700,FirePro V8700,1024,800,221,536,50
FirePro V8750,FirePro V8750,2048,800,221,536,50
Mobility FireGL V5700,Mobility FireGL V5700,512,120,203,535,44
Mobility Radeon HD 3410,Mobility Radeon HD 3410,256,40,200,535,35
Mobility Radeon HD 3430,Mobility Radeon HD 3430,256,40,200,535,29
Mobility Radeon HD 3450,Mobility Radeon HD 3450,256,40,201,536,31
Mobility Radeon HD 3470,Mobility Radeon HD 3470,256,40,202,535,24
Mobility Radeon HD 3650,Mobility Radeon HD 3650,512,120,203,534,32
Mobility Radeon HD 3670,Mobility Radeon HD 3670,256,120,203,534,39
Mobility Radeon HD 3850,Mobility Radeon HD 3850,512,320,206,535,44
Mobility Radeon HD 3850 X2,Mobility Radeon HD 3850 X2,512,320,207,534,26
Mobility Radeon HD 3870,Mobility Radeon HD 3870,512,320,207,535,34
Mobility Radeon HD 3870 X2,Mobility Radeon HD 3870 X2,512,320,209,534,44
Radeon 3100 IGP,Radeon 3100 IGP,0,40,201,536,46
Radeon 3100 Mobile IGP,Radeon 3100 Mobile IGP,0,40,201,535,21
Radeon HD 2400,Radeon HD 2400,256,40,200,535,36
Radeon HD 2600 XT Mac Edition,Radeon HD 2600 XT Mac Edition,256,120,203,535,42
Radeon HD 3200 IGP,Radeon HD 3200 IGP,0,40,201,536,28
Radeon HD 3300 IGP,Radeon HD 3300 IGP,0,40,201,535,24
Radeon HD 3450 AGP,Radeon HD 3450 AGP,512,40,201,535,47
Radeon HD 3450 PCI,Radeon HD 3450 PCI,512,40,201,535,32
Radeon HD 3470,Radeon HD 3470,256,40,201,535,43
Radeon HD 3550,Radeon HD 3550,512,40,201,536,36
Radeon HD 3650,Radeon HD 3650,256,120,204,535,50
Radeon HD 3650 AGP,Radeon HD 3650 AGP,512,120,204,535,50
Radeon HD 3690,Radeon HD 3690,256,320,208,535,23
Radeon HD 3730,Radeon HD 3730,512,120,204,535,44
Radeon HD 3750,Radeon HD 3750,512,120,204,536,25
Radeon HD 3830,Radeon HD 3830,256,320,208,535,20
Radeon HD 3850 AGP,Radeon HD 3850 AGP,512,320,208,535,31
Radeon HD 3850 X2,Radeon HD 3850 X2,512,320,209,535,34
Radeon HD 3870 Mac Edition,Radeon HD 3870 Mac Edition,512,320,210,534,45
Radeon HD 3870 X2,Radeon HD 3870 X2,512,320,212,535,30
Radeon HD 4350,Radeon HD 4350,512,80,201,535,47
Radeon HD 4350 AGP,Radeon HD 4350 AGP,512,80,201,535,25
Radeon HD 4350 PCI,Radeon HD 4350 PCI,512,80,201,534,31
Radeon HD 4350 PCIe x1,Radeon HD 4350 PCIe x1,512,80,201,535,48
Radeon HD 4550,Radeon HD 4550,256,80,202,534,43
Radeon HD 4570,Radeon HD 4570,1024,80,202,534,35
Radeon HD 4650,Radeon HD 4650,256,320,206,535,24
Radeon HD 4650 AGP,Radeon HD 4650 AGP,512,320,206,536,46
Radeon HD 4670,Radeon HD 4670,512,320,208,535,21
Radeon HD 4670 X2,Radeon HD 4670 X2,512,320,210,534,23
Radeon HD 4710,Radeon HD 4710,1024,320,208,536,40
Radeon HD 4730 OEM,Radeon HD 4730 OEM,1024,320,209,536,20
Radeon HD 4830,Radeon HD 4830,512,640,213,534,27
Radeon HD 4850,Radeon HD 4850,512,800,217,535,34
Radeon HD 4850 X2,Radeon HD 4850 X2,512,800,221,534,42
Radeon HD 4870,Radeon HD 4870,512,800,221,535,39
Radeon HD 4870 X2,Radeon HD 4870 X2,1024,800,225,535,33
Radeon Xpress 2100 IGP,Radeon Xpress 2100 IGP,0,40,201,535,42
Xbox 360 GPU 65nm,Xbox 360 GPU 65nm,512,240,207,534,27
FirePro 2450 Multi-View,FirePro 2450 Multi-View,256,40,201,535,28
FirePro 2450 Multi-View PCIe x1,FirePro 2450 Multi-View PCIe x1,256,40,201,535,23
FirePro M5725,FirePro M5725,512,320,207,535,28
FirePro M7740,FirePro M7740,1024,640,213,535,40
FirePro V7750,FirePro V7750,1024,320,209,536,28
Mobility FireGL V5725,Mobility FireGL V5725,256,120,203,535,25
Mobility Radeon HD 4100 IGP,Mobility Radeon HD 4100 IGP,0,40,201,536,45
Mobility Radeon HD 4200 IGP,Mobility Radeon HD 4200 IGP,0,40,201,536,27
Mobility Radeon HD 4330,Mobility Radeon HD 4330,512,80,202,534,20
Mobility Radeon HD 4350,Mobility Radeon HD 4350,512,80,202,535,26
Mobility Radeon HD 4530,Mobility Radeon HD 4530,512,80,202,535,50
Mobility Radeon HD 4570,Mobility Radeon HD 4570,512,80,202,535,34
Mobility Radeon HD 4650,Mobility Radeon HD 4650,1024,320,206,535,27
Mobility Radeon HD 4670,Mobility Radeon HD 4670,512,320,207,536,39
Mobility Radeon HD 4670 Mac Edition,Mobility Radeon HD 4670 Mac Edition,256,320,207,535,50
Mobility Radeon HD 4830,Mobility Radeon HD 4830,1024,640,210,534,48
Mobility Radeon HD 4850,Mobility Radeon HD 4850,1024,800,213,535,47
Mobility Radeon HD 4850 Mac Edition,Mobility Radeon HD 4850 Mac Edition,512,800,213,535,47
Mobility Radeon HD 4850 X2,Mobility Radeon HD 4850 X2,1024,800,213,535,49
Mobility Radeon HD 4860,Mobility Radeon HD 4860,1024,640,213,535,49
Mobility Radeon HD 4870,Mobility Radeon HD 4870,512,800,214,535,43
Mobility Radeon HD 4870 X2,Mobility Radeon HD 4870 X2,1024,800,214,535,23
Radeon 3000 IGP,Radeon 3000 IGP,0,40,201,534,28
Radeon E4690 MXM,Radeon E4690 MXM,512,320,206,535,39
Radeon E4690 MXM,Radeon E4690 MXM,512,320,206,534,26
Radeon E4690 PCIe,Radeon E4690 PCIe,512,320,206,535,32
Radeon HD 3200 Mobile IGP,Radeon HD 3200 Mobile IGP,0,40,201,535,44
Radeon HD 3410,Radeon HD 3410,256,40,201,535,31
Radeon HD 3610,Radeon HD 3610,512,120,203,534,22
Radeon HD 4200 IGP,Radeon HD 4200 IGP,0,40,201,535,39
Radeon HD 4250,Radeon HD 4250,512,40,201,535,41
Radeon HD 4520,Radeon HD 4520,512,80,202,535,34
Radeon HD 4570 Rebrand,Radeon HD 4570 Rebrand,1024,120,204,535,31
Radeon HD 4670 AGP,Radeon HD 4670 AGP,1024,320,208,535,38
Radeon HD 4730,Radeon HD 4730,512,640,217,534,38
Radeon HD 4750,Radeon HD 4750,512,640,216,535,28
Radeon HD 4770,Radeon HD 4770,512,640,216,535,35
Radeon HD 4810,Radeon HD 4810,512,640,214,534,29
Radeon HD 4860,Radeon HD 4860,512,640,216,534,45
Radeon HD 4870 Mac Edition,Radeon HD 4870 Mac Edition,512,800,221,534,26
Radeon HD 4890,Radeon HD 4890,1024,800,225,535,48
Radeon HD 5750,Radeon HD 5750,1024,720,217,535,50
Radeon HD 5770,Radeon HD 5770,1024,800,223,534,37
Radeon HD 5850,Radeon HD 5850,1024,1440,235,535,26
Radeon HD 5870,Radeon HD 5870,1024,1600,246,535,27
Radeon HD 5970,Radeon HD 5970,1024,1600,242,536,38
FirePro 2460 Multi-View,FirePro 2460 Multi-View,512,80,201,535,33
FirePro M5800,FirePro M5800,1024,400,208,535,41
FirePro M7820,FirePro M7820,1024,800,218,535,22
FirePro V3800,FirePro V3800,512,400,208,534,47
FirePro V4800,FirePro V4800,1024,400,211,535,37
FirePro V5800,FirePro V5800,1024,800,218,535,36
FirePro V5800 DVI,FirePro V5800 DVI,1024,800,218,535,35
FirePro V7800,FirePro V7800,2048,1440,234,535,23
FirePro V8800,FirePro V8800,2048,1600,245,536,34
FirePro V9800,FirePro V9800,4096,1600,248,534,48
FirePro V9800P,FirePro V9800P,4096,1600,247,535,21
Mobility Radeon HD 4225 IGP,Mobility Radeon HD 4225 IGP,0,40,200,535,35
Mobility Radeon HD 4250 IGP,Mobility Radeon HD 4250 IGP,0,40,201,535,43
Mobility Radeon HD 4270 IGP,Mobility Radeon HD 4270 IGP,0,40,201,535,30
Mobility Radeon HD 4550,Mobility Radeon HD 4550,512,80,202,535,25
Mobility Radeon HD 5145,Mobility Radeon HD 5145,512,80,202,535,28
Mobility Radeon HD 5165,Mobility Radeon HD 5165,1024,320,206,535,20
Mobility Radeon HD 530v,Mobility Radeon HD 530v,512,80,201,535,50
Mobility Radeon HD 530v,Mobility Radeon HD 530v,512,80,201,535,50
Mobility Radeon HD 540v,Mobility Radeon HD 540v,512,80,201,534,43
Mobility Radeon HD 540v,Mobility Radeon HD 540v,512,80,201,536,44
Mobility Radeon HD 5430,Mobility Radeon HD 5430,1024,80,201,535,24
Mobility Radeon HD 5450,Mobility Radeon HD 5450,1024,80,201,535,43
Mobility Radeon HD 5450,Mobility Radeon HD 5450,1024,80,201,536,37
Mobility Radeon HD 545v,Mobility Radeon HD 545v,512,80,202,534,38
Mobility Radeon HD 545v,Mobility Radeon HD 545v,512,80,202,535,30
Mobility Radeon HD 5470,Mobility Radeon HD 5470,512,80,202,535,28
Mobility Radeon HD 550v,Mobility Radeon HD 550v,1024,320,204,535,23
Mobility Radeon HD 560v,Mobility Radeon HD 560v,1024,320,205,535,26
Mobility Radeon HD 5650,Mobility Radeon HD 5650,1024,400,205,536,22
Mobility Radeon HD 565v,Mobility Radeon HD 565v,1024,320,206,535,21
Mobility Radeon HD 5670 Mac Edition,Mobility Radeon HD 5670 Mac Edition,512,400,208,536,38
Mobility Radeon HD 5730,Mobility Radeon HD 5730,1024,400,208,536,36
Mobility Radeon HD 5750,Mobility Radeon HD 5750,1024,400,207,535,39
Mobility Radeon HD 5770,Mobility Radeon HD 5770,1024,400,208,535,37
Mobility Radeon HD 5830,Mobility Radeon HD 5830,1024,800,212,535,33
Mobility Radeon HD 5850,Mobility Radeon HD 5850,1024,800,212,535,31
Mobility Radeon HD 5850 Mac Edition,Mobility Radeon HD 5850 Mac Edition,1024,800,215,535,39
Mobility Radeon HD 5870,Mobility Radeon HD 5870,1024,800,218,535,22
Radeon HD 3570,Radeon HD 3570,512,40,201,536,20
Radeon HD 4250 IGP,Radeon HD 4250 IGP,0,40,201,535,28
Radeon HD 4290 IGP,Radeon HD 4290 IGP,0,40,201,535,28
Radeon HD 4700,Radeon HD 4700,512,320,207,535,43
Radeon HD 4855,Radeon HD 4855,512,640,213,535,43
Radeon HD 5450,Radeon HD 5450,512,80,202,536,32
Radeon HD 5450 PCI,Radeon HD 5450 PCI,512,80,202,535,26
Radeon HD 5450 PCIe x1,Radeon HD 5450 PCIe x1,512,80,202,534,46
Radeon HD 5550,Radeon HD 5550,512,320,206,534,20
Radeon HD 5570,Radeon HD 5570,1024,400,208,536,43
Radeon HD 5570,Radeon HD 5570,1024,400,208,535,43
Radeon HD 5570 OEM,Radeon HD 5570 OEM,1024,320,206,536,28
Radeon HD 5670,Radeon HD 5670,1024,400,210,535,46
Radeon HD 5670 640SP Edition,Radeon HD 5670 640SP Edition,512,640,216,534,47
Radeon HD 5770 Mac Edition,Radeon HD 5770 Mac Edition,1024,800,223,534,33
Radeon HD 5770 X2,Radeon HD 5770 X2,1024,800,221,534,48
Radeon HD 5830,Radeon HD 5830,1024,1120,231,536,47
Radeon HD 5870 Eyefinity 6,Radeon HD 5870 Eyefinity 6,2048,1600,247,535,23
Radeon HD 5870 Mac Edition,Radeon HD 5870 Mac Edition,1024,1600,247,536,37
Xbox 360 S GPU,Xbox 360 S GPU,512,240,206,535,22
FirePro V7800P,FirePro V7800P,2048,1440,234,535,32
Radeon HD 4450,Radeon HD 4450,512,80,202,536,47
Radeon HD 4580,Radeon HD 4580,512,120,204,535,25
Radeon HD 4720,Radeon HD 4720,1024,320,207,535,26
Radeon HD 5530,Radeon HD 5530,1024,80,202,536,32
Radeon HD 5570,Radeon HD 5570,1024,320,207,535,35
Radeon HD 5630,Radeon HD 5630,1024,320,207,534,40
Radeon HD 5690,Radeon HD 5690,1024,400,210,534,21
Radeon HD 5730,Radeon HD 5730,1024,400,210,535,46
FirePro V7760,FirePro V7760,1024,800,219,535,22
FirePro V7770,FirePro V7770,1024,800,216,535,42
Mobility Radeon HD 5570,Mobility Radeon HD 5570,1024,400,207,535,45
Radeon HD 5470,Radeon HD 5470,512,80,202,535,27
Radeon HD 5490,Radeon HD 5490,1024,80,202,535,38
Xbox 360 E GPU,Xbox 360 E GPU,512,240,206,535,36
GMA 3150,GMA 3150,0,16,200,535,49
GMA 3150,GMA 3150,0,16,200,535,21
GMA 3600,GMA 3600,0,32,200,536,28
GMA 3650,GMA 3650,0,32,200,535,50
GMA 500,GMA 500,0,32,201,535,22
GMA X4500,GMA X4500,0,80,201,535,41
GMA X4500M,GMA X4500M,0,80,201,534,20
GMA X4500MHD,GMA X4500MHD,0,80,201,536,49
GMA X4700MHD,GMA X4700MHD,0,80,201,535,49
Aubrey Isle,Aubrey Isle,2048,512,225,535,26
GMA 600,GMA 600,0,32,201,535,48
HD Graphics 12EU,HD Graphics 12EU,0,96,202,535,34
HD Graphics 16EU Mobile,HD Graphics 16EU Mobile,0,96,202,535,31
HD Graphics 2000,HD Graphics 2000,0,48,202,535,43
HD Graphics 3000,HD Graphics 3000,0,96,205,535,34
HD Graphics 3000,HD Graphics 3000,0,96,204,535,39
HD Graphics 3000 Mobile,HD Graphics 3000 Mobile,0,96,204,534,32
HD Graphics 3000 Mobile,HD Graphics 3000 Mobile,0,96,204,535,28
HD Graphics 6EU Mobile,HD Graphics 6EU Mobile,0,48,202,535,37
HD Graphics P3000,HD Graphics P3000,0,96,205,534,20
HD Graphics 4000,HD Graphics 4000,0,128,205,536,39
HD Graphics 4000 Mobile,HD Graphics 4000 Mobile,0,128,204,535,26
HD Graphics 6EU,HD Graphics 6EU,0,48,202,536,39
HD Graphics 6EU Mobile,HD Graphics 6EU Mobile,0,48,202,535,29
HD Graphics P4000,HD Graphics P4000,0,128,205,536,36
Xeon Phi 3120A,Xeon Phi 3120A,6144,912,238,534,40
Xeon Phi 5110P,Xeon Phi 5110P,8192,960,236,536,42
Xeon Phi SE10X,Xeon Phi SE10X,8192,976,240,534,38
HD Graphics 10EU,HD Graphics 10EU,0,80,203,535,40
HD Graphics 10EU Mobile,HD Graphics 10EU Mobile,0,80,203,535,32
HD Graphics 32EU Mobile,HD Graphics 32EU Mobile,0,32,200,535,28
HD Graphics 4200 Mobile,HD Graphics 4200 Mobile,0,160,204,535,45
HD Graphics 4400,HD Graphics 4400,0,160,206,535,33
HD Graphics 4400 Mobile,HD Graphics 4400 Mobile,0,160,205,535,22
HD Graphics 4600,HD Graphics 4600,0,160,206,535,44
HD Graphics 4600 Mobile,HD Graphics 4600 Mobile,0,160,205,536,29
HD Graphics 5000 Mobile,HD Graphics 5000 Mobile,0,320,210,535,34
HD Graphics P4600,HD Graphics P4600,0,160,207,534,43
HD Graphics P4700,HD Graphics P4700,0,160,208,535,42
Iris Graphics 5100 Mobile,Iris Graphics 5100 Mobile,0,320,211,536,20
Iris Pro Graphics 5200,Iris Pro Graphics 5200,0,320,212,535,50
Iris Pro Graphics 5200 Mobile,Iris Pro Graphics 5200 Mobile,0,320,212,535,35
Xeon Phi 5120D,Xeon Phi 5120D,8192,960,237,536,22
Xeon Phi 7120P,Xeon Phi 7120P,16384,976,247,536,34
Xeon Phi 7120X,Xeon Phi 7120X,16384,976,247,536,32
HD Graphics 5300 Mobile,HD Graphics 5300 Mobile,0,192,204,535,39
HD Graphics 5500 Mobile,HD Graphics 5500 Mobile,0,192,205,535,36
HD Graphics 5600 Mobile,HD Graphics 5600 Mobile,0,192,206,535,44
HD Graphics 6000 Mobile,HD Graphics 6000 Mobile,0,384,211,536,32
HD Graphics P5700,HD Graphics P5700,0,192,206,536,22
Iris Graphics 6100 Mobile,Iris Graphics 6100 Mobile,0,384,211,535,33
Iris Pro Graphics 6200,Iris Pro Graphics 6200,0,384,213,534,36
Iris Pro Graphics 6200 Mobile,Iris Pro Graphics 6200 Mobile,0,384,213,536,45
Iris Pro Graphics P6300,Iris Pro Graphics P6300,0,384,209,534,44
HD Graphics 12EU Mobile,HD Graphics 12EU Mobile,0,96,201,534,31
HD Graphics 12EU Mobile,HD Graphics 12EU Mobile,0,96,202,535,34
HD Graphics 400 Mobile,HD Graphics 400 Mobile,0,96,201,536,46
HD Graphics 405 Mobile,HD Graphics 405 Mobile,0,128,202,535,22
HD Graphics 500 Mobile,HD Graphics 500 Mobile,0,96,202,535,42
HD Graphics 510,HD Graphics 510,0,96,203,536,26
HD Graphics 510 Mobile,HD Graphics 510 Mobile,0,96,202,534,40
HD Graphics 515 Mobile,HD Graphics 515 Mobile,0,192,204,534,37
HD Graphics 520 Mobile,HD Graphics 520 Mobile,0,192,205,535,49
HD Graphics 530,HD Graphics 530,0,192,205,535,25
HD Graphics 530 Mobile,HD Graphics 530 Mobile,0,192,205,535,43
HD Graphics P530,HD Graphics P530,0,192,206,534,30
Iris Graphics 540 Mobile,Iris Graphics 540 Mobile,0,384,211,535,33
Iris Graphics 550 Mobile,Iris Graphics 550 Mobile,0,384,211,535,28
Iris Pro Graphics 580 Mobile,Iris Pro Graphics 580 Mobile,0,576,216,535,50
Iris Pro Graphics P555,Iris Pro Graphics P555,0,384,211,535,30
Iris Pro Graphics P580,Iris Pro Graphics P580,0,576,217,536,35
Iris Pro Graphics P580 Mobile,Iris Pro Graphics P580 Mobile,0,576,218,535,32
HD Graphics 505 Mobile,HD Graphics 505 Mobile,0,144,202,534,45
HD Graphics 610,HD Graphics 610,0,96,203,535,39
HD Graphics 610 Mobile,HD Graphics 610 Mobile,0,96,202,536,39
HD Graphics 615 Mobile,HD Graphics 615 Mobile,0,192,205,536,44
HD Graphics 620 Mobile,HD Graphics 620 Mobile,0,192,206,536,24
HD Graphics 630,HD Graphics 630,0,192,206,535,45
HD Graphics 630 Mobile,HD Graphics 630 Mobile,0,192,206,536,22
HD Graphics P630 Mobile,HD Graphics P630 Mobile,0,192,206,535,46
Iris Plus Graphics 640 Mobile,Iris Plus Graphics 640 Mobile,0,384,213,535,46
Iris Plus Graphics 650 Mobile,Iris Plus Graphics 650 Mobile,0,384,213,534,31
UHD Graphics 600 Mobile,UHD Graphics 600 Mobile,0,96,202,535,29
UHD Graphics 605 Mobile,UHD Graphics 605 Mobile,0,144,203,535,41
UHD Graphics 620 Mobile,UHD Graphics 620 Mobile,0,192,206,534,29
UHD Graphics 630,UHD Graphics 630,0,184,206,535,22
UHD Graphics 630,UHD Graphics 630,0,192,206,535,44
Iris Plus Graphics 655 Mobile,Iris Plus Graphics 655 Mobile,0,384,212,536,46
UHD Graphics 610,UHD Graphics 610,0,96,203,536,27
UHD Graphics 610 Mobile,UHD Graphics 610 Mobile,0,96,202,534,24
UHD Graphics 615 Mobile,UHD Graphics 615 Mobile,0,192,205,535,30
UHD Graphics 617 Mobile,UHD Graphics 617 Mobile,0,192,206,535,47
UHD Graphics 620 Mobile,UHD Graphics 620 Mobile,0,192,206,534,21
UHD Graphics 630 Mobile,UHD Graphics 630 Mobile,0,192,206,536,50
UHD Graphics P630,UHD Graphics P630,0,192,206,535,32
UHD Graphics P630 Mobile,UHD Graphics P630 Mobile,0,192,207,535,28
Iris Plus Graphics 645 Mobile,Iris Plus Graphics 645 Mobile,0,384,212,535,44
Iris Plus Graphics G4 48EU Mobile,Iris Plus Graphics G4 48EU Mobile,0,384,212,534,26
UHD Graphics 24EU Mobile,UHD Graphics 24EU Mobile,0,192,206,536,42
UHD Graphics 24EU Mobile,UHD Graphics 24EU Mobile,0,192,206,535,23
UHD Graphics 24EU Mobile,UHD Graphics 24EU Mobile,0,192,205,535,48
UHD Graphics G1 32EU Mobile,UHD Graphics G1 32EU Mobile,0,256,207,534,30
H3C XG310,H3C XG310,8192,768,233,535,23
Iris Plus Graphics G7 64EU Mobile,Iris Plus Graphics G7 64EU Mobile,0,512,216,535,32
Iris Xe Graphics G4 48EU Mobile,Iris Xe Graphics G4 48EU Mobile,0,384,213,536,27
Iris Xe Graphics G7 80EU Mobile,Iris Xe Graphics G7 80EU Mobile,0,640,221,535,30
Iris Xe Graphics G7 96EU Mobile,Iris Xe Graphics G7 96EU Mobile,0,768,226,535,45
Iris Xe MAX Graphics,Iris Xe MAX Graphics,4096,768,239,536,32
UHD Graphics 16EU Mobile,UHD Graphics 16EU Mobile,0,128,203,535,37
UHD Graphics 32EU Mobile,UHD Graphics 32EU Mobile,0,256,205,535,36
UHD Graphics 610,UHD Graphics 610,0,96,203,536,44
UHD Graphics 630,UHD Graphics 630,0,192,207,536,26
UHD Graphics 630,UHD Graphics 630,0,184,206,535,22
UHD Graphics G4 48EU Mobile,UHD Graphics G4 48EU Mobile,0,384,206,535,20
UHD Graphics G7 64EU Mobile,UHD Graphics G7 64EU Mobile,0,512,208,535,36
UHD Graphics P630,UHD Graphics P630,0,192,207,535,24
UHD Graphics P630 Mobile,UHD Graphics P630 Mobile,0,192,207,534,38
Xe DG1,Xe DG1,4096,640,231,534,42
Arctic Sound 1T,Arctic Sound 1T,16384,6144,378,534,47
Arctic Sound 2T,Arctic Sound 2T,16384,7680,424,535,37
UHD Graphics 16EU,UHD Graphics 16EU,0,128,203,534,25
UHD Graphics 16EU Mobile,UHD Graphics 16EU Mobile,0,128,203,535,35
UHD Graphics 16EU Mobile,UHD Graphics 16EU Mobile,0,128,205,535,20
UHD Graphics 24EU Mobile,UHD Graphics 24EU Mobile,0,192,204,535,38
UHD Graphics 32EU Mobile,UHD Graphics 32EU Mobile,0,256,210,536,43
UHD Graphics 32EU Mobile,UHD Graphics 32EU Mobile,0,256,206,536,42
UHD Graphics 730,UHD Graphics 730,0,192,207,535,20
UHD Graphics 750,UHD Graphics 750,0,256,210,535,35
UHD Graphics 770,UHD Graphics 770,0,256,211,535,38
UHD Graphics P750,UHD Graphics P750,0,256,210,534,27
Arc A310,Arc A310,4096,768,242,535,45
Arc A350,Arc A350,4096,768,247,535,25
Arc A350M,Arc A350M,4096,768,252,536,35
Arc A370M,Arc A370M,4096,1024,265,535,27
Arc A380,Arc A380,6144,1024,266,536,27
Arc A550M,Arc A550M,8192,2048,330,535,21
Arc A730M,Arc A730M,12288,3072,395,535,37
Arc A750,Arc A750,8192,3584,469,535,43
Arc A770,Arc A770,16384,4096,507,536,45
Arc A770M,Arc A770M,16384,4096,460,535,23
Arc Pro A30M,Arc Pro A30M,4096,1024,264,534,34
Arc Pro A40,Arc Pro A40,6144,1024,254,534,26
Arc Pro A50,Arc Pro A50,6144,1024,275,535,24
Arctic Sound-M,Arctic Sound-M,16384,8192,439,535,37
Data Center GPU Flex 140,Data Center GPU Flex 140,6144,1024,263,535,45
Data Center GPU Flex 170,Data Center GPU Flex 170,16384,4096,461,536,30
Iris Xe Graphics 80EU Mobile,Iris Xe Graphics 80EU Mobile,0,640,224,535,34
Iris Xe Graphics 96EU Mobile,Iris Xe Graphics 96EU Mobile,0,768,234,534,43
UHD Graphics 16EU Mobile,UHD Graphics 16EU Mobile,0,128,204,536,48
UHD Graphics 24EU Mobile,UHD Graphics 24EU Mobile,0,192,207,534,35
UHD Graphics 48EU Mobile,UHD Graphics 48EU Mobile,0,384,214,535,49
UHD Graphics 64EU Mobile,UHD Graphics 64EU Mobile,0,512,222,535,31
UHD Graphics 710,UHD Graphics 710,0,128,205,535,24
UHD Graphics 730,UHD Graphics 730,0,192,208,536,22
UHD Graphics 770,UHD Graphics 770,0,256,212,536,47
UHD Graphics 770 Mobile,UHD Graphics 770 Mobile,0,256,212,535,24
Arc A380M,Arc A380M,6144,1024,263,535,21
Arc A530M,Arc A530M,8192,1536,262,535,27
Arc A570M,Arc A570M,8192,2048,283,535,31
Arc A580,Arc A580,8192,3072,393,536,31
Arc Graphics 112EU Mobile,Arc Graphics 112EU Mobile,0,896,262,534,36
Arc Graphics 128EU Mobile,Arc Graphics 128EU Mobile,0,1024,271,535,44
Arc Graphics 48EU Mobile,Arc Graphics 48EU Mobile,0,384,221,535,30
Arc Graphics 64EU Mobile,Arc Graphics 64EU Mobile,0,512,229,534,44
Arc Pro A60,Arc Pro A60,12288,2048,332,536,48
Arc Pro A60M,Arc Pro A60M,8192,2048,284,534,38
Data Center GPU Max 1100,Data Center GPU Max 1100,49152,7168,548,535,44
Data Center GPU Max 1350,Data Center GPU Max 1350,98304,14336,893,535,32
Data Center GPU Max 1550,Data Center GPU Max 1550,131072,16384,1020,534,34
Data Center GPU Max Subsystem,Data Center GPU Max Subsystem,131072,16384,1065,536,36
Iris Xe Graphics 80EU Mobile,Iris Xe Graphics 80EU Mobile,0,640,228,535,33
Iris Xe Graphics 96EU Mobile,Iris Xe Graphics 96EU Mobile,0,768,231,535,31
UHD Graphics 64EU Mobile,UHD Graphics 64EU Mobile,0,512,219,536,46
UHD Graphics 710 Mobile,UHD Graphics 710 Mobile,0,128,204,535,42
UHD Graphics 710 Mobile,UHD Graphics 710 Mobile,0,128,205,535,46
UHD Graphics 730,UHD Graphics 730,0,192,209,535,33
UHD Graphics 770 Mobile,UHD Graphics 770 Mobile,0,256,212,535,37
Arc 130V Mobile,Arc 130V Mobile,0,896,251,535,28
Arc 140V Mobile,Arc 140V Mobile,0,1024,262,536,38
Arc B580,Arc B580,12288,2560,414,534,34
Arc Graphics 24EU,Arc Graphics 24EU,0,192,213,535,47
Arc Graphics 32EU,Arc Graphics 32EU,0,256,216,534,35
Arc Graphics 64EU,Arc Graphics 64EU,0,512,231,535,25
Arc 130T Mobile,Arc 130T Mobile,0,896,261,535,32
Arc 140T Mobile,Arc 140T Mobile,0,1024,274,535,43
Arc B570,Arc B570,10240,2304,380,535,38
Arc Pro B50,Arc Pro B50,16384,2048,365,535,38
Arc Pro B60,Arc Pro B60,24576,2560,393,535,45
Graphics 24EU Mobile,Graphics 24EU Mobile,0,192,205,535,24
GeForce 8800 GTS 640,GeForce 8800 GTS 640,640,96,207,536,27
GeForce 8800 GTX,GeForce 8800 GTX,768,128,209,534,29
GeForce 8300 GS,GeForce 8300 GS,128,8,201,534,25
GeForce 8400,GeForce 8400,256,8,200,534,24
GeForce 8400 GS,GeForce 8400 GS,256,16,201,535,25
GeForce 8400 GS PCI,GeForce 8400 GS PCI,512,8,200,535,42
GeForce 8400 GS PCI Rev. 2,GeForce 8400 GS PCI Rev. 2,512,16,201,535,20
GeForce 8400 GS Rev. 2,GeForce 8400 GS Rev. 2,512,8,200,535,27
GeForce 8400M G,GeForce 8400M G,256,8,200,535,49
GeForce 8400M GS,GeForce 8400M GS,256,16,200,536,37
GeForce 8400M GT,GeForce 8400M GT,256,16,200,535,27
GeForce 8500 GT,GeForce 8500 GT,256,16,201,535,44
GeForce 8600 GS,GeForce 8600 GS,512,16,201,535,47
GeForce 8600 GT,GeForce 8600 GT,512,32,202,534,49
GeForce 8600 GT Mac Edition,GeForce 8600 GT Mac Edition,128,32,202,535,27
GeForce 8600 GTS,GeForce 8600 GTS,256,32,202,534,32
GeForce 8600 GTS Mac Edition,GeForce 8600 GTS Mac Edition,512,32,203,535,31
GeForce 8600M GS,GeForce 8600M GS,512,16,200,534,36
GeForce 8600M GT,GeForce 8600M GT,512,32,201,535,43
GeForce 8600M GT,GeForce 8600M GT,512,32,201,536,28
GeForce 8600M GT Mac Edition,GeForce 8600M GT Mac Edition,512,32,201,536,47
GeForce 8700M GT,GeForce 8700M GT,512,32,201,535,41
GeForce 8800 GT,GeForce 8800 GT,512,112,208,535,39
GeForce 8800 GTS 320,GeForce 8800 GTS 320,320,96,207,535,45
GeForce 8800 GTS 512,GeForce 8800 GTS 512,512,128,209,536,21
GeForce 8800 GTS Core 112,GeForce 8800 GTS Core 112,640,112,207,535,21
GeForce 8800 Ultra,GeForce 8800 Ultra,768,128,210,534,30
GeForce 8800M GTS,GeForce 8800M GTS,512,64,203,535,27
GeForce 8800M GTX,GeForce 8800M GTX,512,96,205,536,23
Quadro FX 1600M,Quadro FX 1600M,512,32,202,534,33
Quadro FX 1700,Quadro FX 1700,512,32,201,535,33
Quadro FX 360M,Quadro FX 360M,256,16,200,536,32
Quadro FX 370,Quadro FX 370,256,16,201,536,33
Quadro FX 4600,Quadro FX 4600,768,96,206,535,37
Quadro FX 4600 SDI,Quadro FX 4600 SDI,768,96,207,535,44
Quadro FX 5600,Quadro FX 5600,1536,128,209,535,42
Quadro FX 5600 Mac Edition,Quadro FX 5600 Mac Edition,1536,128,209,535,36
Quadro FX 570,Quadro FX 570,256,16,201,534,29
Quadro FX 570M,Quadro FX 570M,512,32,202,535,44
Quadro NVS 130M,Quadro NVS 130M,256,8,200,534,43
Quadro NVS 135M,Quadro NVS 135M,256,16,200,536,23
Quadro NVS 140M,Quadro NVS 140M,512,16,200,536,38
Quadro NVS 290,Quadro NVS 290,256,16,200,535,22
Quadro NVS 320M,Quadro NVS 320M,512,32,201,536,21
Tesla C870,Tesla C870,1536,128,209,535,49
Tesla D870,Tesla D870,1536,128,218,534,50
Tesla S870,Tesla S870,1536,128,225,535,34
GeForce 8100 + nForce 720a,GeForce 8100 + nForce 720a,0,16,201,535,44
GeForce 8200,GeForce 8200,0,16,201,535,47
GeForce 8200M G mGPU AMD,GeForce 8200M G mGPU AMD,0,16,200,535,26
GeForce 8200M G mGPU Intel,GeForce 8200M G mGPU Intel,0,16,200,535,43
GeForce 8300,GeForce 8300,0,16,201,534,30
GeForce 8400 SE,GeForce 8400 SE,128,16,201,535,29
GeForce 8800 GS,GeForce 8800 GS,384,96,206,534,44
GeForce 8800 GS Mac Edition,GeForce 8800 GS Mac Edition,512,64,205,534,50
GeForce 8800 GT Mac Edition,GeForce 8800 GT Mac Edition,512,112,208,534,28
GeForce 9100,GeForce 9100,0,16,201,535,48
GeForce 9100M G mGPU AMD,GeForce 9100M G mGPU AMD,0,16,200,534,50
GeForce 9100M G mGPU Intel,GeForce 9100M G mGPU Intel,0,8,200,536,29
GeForce 9200,GeForce 9200,0,16,201,535,44
GeForce 9200,GeForce 9200,0,16,201,534,38
GeForce 9200M,GeForce 9200M,0,16,200,536,33
GeForce 9200M GS,GeForce 9200M GS,256,8,200,535,43
GeForce 9200M GS GDDR3,GeForce 9200M GS GDDR3,256,8,200,536,25
GeForce 9300 + nForce 730i,GeForce 9300 + nForce 730i,0,16,201,534,41
GeForce 9300 GE,GeForce 9300 GE,256,8,201,534,47
GeForce 9300 GS,GeForce 9300 GS,512,8,201,535,39
GeForce 9300 SE,GeForce 9300 SE,256,8,201,536,46
GeForce 9300M G,GeForce 9300M G,256,16,200,535,45
GeForce 9300M GS,GeForce 9300M GS,256,8,200,535,50
GeForce 9300M GS GDDR3,GeForce 9300M GS GDDR3,256,8,200,535,35
GeForce 9400,GeForce 9400,0,16,201,535,35
GeForce 9400,GeForce 9400,0,16,201,535,20
GeForce 9400,GeForce 9400,0,16,201,536,43
GeForce 9400 GT,GeForce 9400 GT,128,16,201,535,36
GeForce 9400 GT,GeForce 9400 GT,512,16,201,534,25
GeForce 9400 GT PCI,GeForce 9400 GT PCI,256,16,201,535,27
GeForce 9400 GT Rev. 2,GeForce 9400 GT Rev. 2,512,16,201,534,21
GeForce 9400M,GeForce 9400M,0,16,200,534,25
GeForce 9400M,GeForce 9400M,0,16,200,536,23
GeForce 9400M G,GeForce 9400M G,0,16,200,535,34
GeForce 9500 GS,GeForce 9500 GS,512,32,202,535,41
GeForce 9500 GS Rev. 2,GeForce 9500 GS Rev. 2,512,32,202,534,48
GeForce 9500 GT,GeForce 9500 GT,512,32,202,535,39
GeForce 9500 GT Rev. 2,GeForce 9500 GT Rev. 2,512,32,202,536,23
GeForce 9500 GT Rev. 3,GeForce 9500 GT Rev. 3,512,32,202,534,34
GeForce 9500M G,GeForce 9500M G,512,16,201,535,39
GeForce 9500M GS,GeForce 9500M GS,512,32,201,535,39
GeForce 9600 GS OEM,GeForce 9600 GS OEM,768,48,203,534,30
GeForce 9600 GSO,GeForce 9600 GSO,384,96,206,534,45
GeForce 9600 GSO 512,GeForce 9600 GSO 512,512,48,204,534,37
GeForce 9600 GT,GeForce 9600 GT,512,64,205,535,41
GeForce 9600 GT Green Edition,GeForce 9600 GT Green Edition,512,64,205,536,40
GeForce 9600 GT Mac Edition,GeForce 9600 GT Mac Edition,1024,64,205,534,50
GeForce 9600 GT Rev. 2,GeForce 9600 GT Rev. 2,512,64,205,536,27
GeForce 9600M GS,GeForce 9600M GS,1024,32,201,535,43
GeForce 9600M GT,GeForce 9600M GT,512,32,201,536,40
GeForce 9600M GT Mac Edition,GeForce 9600M GT Mac Edition,512,32,201,535,21
GeForce 9650M GS,GeForce 9650M GS,512,32,201,535,34
GeForce 9650M GT,GeForce 9650M GT,1024,32,201,535,20
GeForce 9700M GT,GeForce 9700M GT,512,32,202,535,26
GeForce 9700M GTS,GeForce 9700M GTS,512,48,203,536,37
GeForce 9800 GT,GeForce 9800 GT,512,112,208,536,32
GeForce 9800 GT,GeForce 9800 GT,512,112,208,534,50
GeForce 9800 GT Rebrand,GeForce 9800 GT Rebrand,512,128,209,534,27
GeForce 9800 GTX,GeForce 9800 GTX,512,128,209,534,23
GeForce 9800 GX2,GeForce 9800 GX2,512,128,210,534,45
GeForce 9800M GS,GeForce 9800M GS,512,64,204,534,23
GeForce 9800M GT,GeForce 9800M GT,512,96,205,535,25
GeForce 9800M GTS,GeForce 9800M GTS,512,64,204,535,39
GeForce 9800M GTS,GeForce 9800M GTS,1024,64,204,534,29
GeForce 9800M GTX,GeForce 9800M GTX,1024,112,206,535,48
GeForce 9800S,GeForce 9800S,512,64,204,535,48
GeForce GT 120M Mac Edition,GeForce GT 120M Mac Edition,256,32,201,535,23
GeForce GT 130 Mac Edition,GeForce GT 130 Mac Edition,512,48,204,534,39
ION,ION,0,16,201,536,33
ION,ION,0,16,201,535,29
ION,ION,0,16,201,535,33
ION,ION,0,16,201,534,40
ION HX,ION HX,0,16,201,535,34
ION LE,ION LE,0,16,201,535,23
Quadro FX 1700 Mac Edition,Quadro FX 1700 Mac Edition,512,32,202,535,20
Quadro FX 1700M,Quadro FX 1700M,512,32,202,534,48
Quadro FX 2700M,Quadro FX 2700M,512,48,203,535,24
Quadro FX 3600M,Quadro FX 3600M,512,64,204,535,26
Quadro FX 3600M,Quadro FX 3600M,512,96,205,536,42
Quadro FX 370 LP,Quadro FX 370 LP,256,8,200,534,23
Quadro FX 3700,Quadro FX 3700,512,112,206,534,36
Quadro FX 3700M,Quadro FX 3700M,1024,128,207,535,21
Quadro FX 370M,Quadro FX 370M,256,8,200,535,32
Quadro FX 3800M,Quadro FX 3800M,1024,128,208,534,26
Quadro FX 470 mGPU,Quadro FX 470 mGPU,0,16,201,535,46
Quadro FX 4700 X2,Quadro FX 4700 X2,1024,128,211,535,29
Quadro FX 770M,Quadro FX 770M,512,32,202,535,43
Quadro NVS 150M,Quadro NVS 150M,256,8,200,535,46
Quadro NVS 160M,Quadro NVS 160M,256,8,200,535,26
Quadro NVS 450,Quadro NVS 450,256,8,201,535,22
Quadro Plex 1000 Model IV,Quadro Plex 1000 Model IV,1536,128,213,536,30
Quadro Plex 2100 D4,Quadro Plex 2100 D4,1024,128,220,535,24
Quadro Plex 2100 S4,Quadro Plex 2100 S4,1536,128,221,536,45
Quadro VX 200,Quadro VX 200,512,112,205,536,24
GeForce GTX 260,GeForce GTX 260,896,192,211,536,45
GeForce GTX 260 Core 216,GeForce GTX 260 Core 216,896,216,212,534,20
GeForce GTX 260 Core 216 Rev. 2,GeForce GTX 260 Core 216 Rev. 2,896,216,212,535,22
GeForce GTX 260 Rev. 2,GeForce GTX 260 Rev. 2,896,192,211,534,45
GeForce GTX 280,GeForce GTX 280,1024,240,215,535,30
GeForce GTX 285,GeForce GTX 285,1024,240,215,535,42
ION,ION,0,16,201,535,22
ION 2,ION 2,0,16,201,536,42
Quadro CX,Quadro CX,1536,192,210,535,27
Quadro FX 4800,Quadro FX 4800,1536,192,210,535,27
Quadro FX 4800 Mac Edition,Quadro FX 4800 Mac Edition,1536,192,210,535,48
Quadro FX 5800,Quadro FX 5800,4096,240,214,535,44
Quadro Plex 2200 D2,Quadro Plex 2200 D2,4096,240,225,535,35
Quadro Plex 2200 S4,Quadro Plex 2200 S4,4096,240,224,536,21
Tesla M1060,Tesla M1060,2048,240,214,535,24
Tesla S1070,Tesla S1070,4096,240,229,535,40
Tesla S1075,Tesla S1075,4096,240,229,536,25
GeForce 205 OEM,GeForce 205 OEM,512,16,201,535,48
GeForce 210,GeForce 210,512,16,201,536,33
GeForce 210 OEM,GeForce 210 OEM,1024,16,201,536,41
GeForce 210 PCI,GeForce 210 PCI,512,16,201,534,49
GeForce 210 Rev. 2,GeForce 210 Rev. 2,1024,16,201,535,39
GeForce 310 OEM,GeForce 310 OEM,512,16,201,534,41
GeForce 9600 GTX,GeForce 9600 GTX,512,96,207,534,50
GeForce 9800 GTX+,GeForce 9800 GTX+,512,128,210,536,31
GeForce G100 OEM,GeForce G100 OEM,256,8,201,535,42
GeForce G102M,GeForce G102M,0,16,200,535,44
GeForce G103M,GeForce G103M,512,8,200,535,30
GeForce G105M,GeForce G105M,256,16,200,535,36
GeForce G105M,GeForce G105M,512,16,200,535,32
GeForce G105M,GeForce G105M,512,8,200,535,29
GeForce G110M,GeForce G110M,1024,16,200,535,40
GeForce G205M,GeForce G205M,0,16,200,534,40
GeForce G210 OEM,GeForce G210 OEM,512,16,201,535,46
GeForce G210 OEM Rev. 2,GeForce G210 OEM Rev. 2,128,16,201,535,42
GeForce G210M,GeForce G210M,512,16,201,535,29
GeForce GT 120 Mac Edition,GeForce GT 120 Mac Edition,512,32,202,534,22
GeForce GT 120 OEM,GeForce GT 120 OEM,512,32,203,535,31
GeForce GT 120M,GeForce GT 120M,1024,32,201,534,42
GeForce GT 130 OEM,GeForce GT 130 OEM,512,48,203,535,36
GeForce GT 130M,GeForce GT 130M,1024,32,202,534,46
GeForce GT 140 OEM,GeForce GT 140 OEM,1024,64,205,535,27
GeForce GT 220,GeForce GT 220,512,48,203,534,49
GeForce GT 220 OEM,GeForce GT 220 OEM,512,48,202,535,24
GeForce GT 220M,GeForce GT 220M,1024,32,201,535,37
GeForce GT 230,GeForce GT 230,512,48,204,535,50
GeForce GT 230 OEM,GeForce GT 230 OEM,1536,96,205,535,36
GeForce GT 230M,GeForce GT 230M,1024,48,202,534,37
GeForce GT 240,GeForce GT 240,1024,96,205,535,39
GeForce GT 240M,GeForce GT 240M,1024,48,202,535,31
GeForce GT 320M,GeForce GT 320M,1024,32,201,535,46
GeForce GTS 150 OEM,GeForce GTS 150 OEM,1024,128,210,535,39
GeForce GTS 150M,GeForce GTS 150M,1024,64,203,535,27
GeForce GTS 160M,GeForce GTS 160M,1024,64,204,535,50
GeForce GTS 240 OEM,GeForce GTS 240 OEM,1024,112,208,534,27
GeForce GTS 250,GeForce GTS 250,1024,128,209,536,28
GeForce GTS 250,GeForce GTS 250,1024,128,209,535,39
GeForce GTS 250M,GeForce GTS 250M,1024,96,203,536,33
GeForce GTS 260M,GeForce GTS 260M,512,96,204,536,50
GeForce GTX 260 OEM,GeForce GTX 260 OEM,1792,192,209,536,47
GeForce GTX 260M,GeForce GTX 260M,1024,112,206,534,26
GeForce GTX 275,GeForce GTX 275,896,240,215,536,33
GeForce GTX 280M,GeForce GTX 280M,1024,128,207,536,30
GeForce GTX 285 Mac Edition,GeForce GTX 285 Mac Edition,1024,240,215,535,34
GeForce GTX 285 X2,GeForce GTX 285 X2,2048,240,218,535,38
GeForce GTX 295,GeForce GTX 295,896,240,216,535,25
GeForce GTX 295 Single PCB,GeForce GTX 295 Single PCB,896,240,216,536,39
Quadro FX 1800,Quadro FX 1800,768,64,204,535,37
Quadro FX 1800M,Quadro FX 1800M,1024,72,203,535,31
Quadro FX 2800M,Quadro FX 2800M,1024,96,206,535,40
Quadro FX 380,Quadro FX 380,256,16,201,535,42
Quadro FX 380 LP,Quadro FX 380 LP,512,16,201,534,31
Quadro FX 3800,Quadro FX 3800,1024,192,209,535,26
Quadro FX 580,Quadro FX 580,512,32,202,535,47
Quadro NVS 295,Quadro NVS 295,256,8,200,536,22
Quadro NVS 420,Quadro NVS 420,256,8,201,536,24
Tesla C1060,Tesla C1060,1024,240,214,534,34
Tesla C1080,Tesla C1080,4096,240,214,534,43
GeForce 305M,GeForce 305M,512,16,200,535,20
GeForce 310M,GeForce 310M,512,16,201,535,42
GeForce 310M,GeForce 310M,1024,16,201,535,22
GeForce 310M,GeForce 310M,512,16,201,536,39
GeForce 315 OEM,GeForce 315 OEM,512,48,202,534,46
GeForce 320M Mac Edition,GeForce 320M Mac Edition,0,48,201,535,35
GeForce 405 OEM,GeForce 405 OEM,512,16,201,535,42
GeForce 405 OEM,GeForce 405 OEM,512,48,202,535,39
GeForce 405 OEM,GeForce 405 OEM,1024,24,201,534,49
GeForce 8400 GS Rev. 3,GeForce 8400 GS Rev. 3,512,8,200,535,43
GeForce 9500 GT Mac Edition,GeForce 9500 GT Mac Edition,512,32,202,535,25
GeForce GT 220,GeForce GT 220,1024,48,203,536,20
GeForce GT 240M LE,GeForce GT 240M LE,512,32,202,535,23
GeForce GT 320 OEM,GeForce GT 320 OEM,1024,72,203,534,44
GeForce GT 320M,GeForce GT 320M,1024,24,201,534,34
GeForce GT 325M,GeForce GT 325M,1024,48,202,536,46
GeForce GT 330 OEM,GeForce GT 330 OEM,256,96,205,534,47
GeForce GT 330 OEM,GeForce GT 330 OEM,1024,96,205,535,23
GeForce GT 330 OEM,GeForce GT 330 OEM,512,96,205,536,29
GeForce GT 330 OEM,GeForce GT 330 OEM,1024,96,205,535,30
GeForce GT 330M,GeForce GT 330M,1024,24,201,535,43
GeForce GT 330M,GeForce GT 330M,1024,48,202,534,37
GeForce GT 330M,GeForce GT 330M,1024,48,202,536,44
GeForce GT 330M Mac Edition,GeForce GT 330M Mac Edition,512,48,202,535,23
GeForce GT 335M,GeForce GT 335M,1024,72,203,535,23
GeForce GT 340 OEM,GeForce GT 340 OEM,1024,96,205,535,35
GeForce GT 415 OEM,GeForce GT 415 OEM,512,48,202,535,27
GeForce GT 415M,GeForce GT 415M,1024,48,201,534,36
GeForce GT 420 OEM,GeForce GT 420 OEM,1024,48,203,535,36
GeForce GT 420M,GeForce GT 420M,1024,96,203,535,37
GeForce GT 425M,GeForce GT 425M,1024,96,203,535,49
GeForce GT 430,GeForce GT 430,512,96,205,535,45
GeForce GT 430 OEM,GeForce GT 430 OEM,2048,96,205,535,39
GeForce GT 430 PCI,GeForce GT 430 PCI,512,96,205,536,23
GeForce GT 435M,GeForce GT 435M,2048,96,204,535,34
GeForce GT 440 OEM,GeForce GT 440 OEM,1536,144,208,534,41
GeForce GT 445M,GeForce GT 445M,3072,144,205,534,35
GeForce GT 445M,GeForce GT 445M,1024,144,205,535,20
GeForce GTS 350M,GeForce GTS 350M,1024,96,203,535,46
GeForce GTS 360M,GeForce GTS 360M,1024,96,204,535,33
GeForce GTS 450,GeForce GTS 450,1024,192,211,535,41
GeForce GTS 450 OEM,GeForce GTS 450 OEM,512,144,209,535,34
GeForce GTS 450 OEM,GeForce GTS 450 OEM,1536,144,209,534,39
GeForce GTX 275 PhysX Edition,GeForce GTX 275 PhysX Edition,896,240,214,534,29
GeForce GTX 285M,GeForce GTX 285M,1024,128,207,534,28
GeForce GTX 460,GeForce GTX 460,1024,336,217,534,31
GeForce GTX 460,GeForce GTX 460,768,336,217,534,49
GeForce GTX 460 OEM,GeForce GTX 460 OEM,1024,336,216,535,43
GeForce GTX 460 SE,GeForce GTX 460 SE,1024,288,214,535,38
GeForce GTX 460 SE v2,GeForce GTX 460 SE v2,768,288,214,536,48
GeForce GTX 460M,GeForce GTX 460M,1536,192,209,534,48
GeForce GTX 465,GeForce GTX 465,1024,352,217,536,27
GeForce GTX 470,GeForce GTX 470,1280,448,221,535,42
GeForce GTX 470M,GeForce GTX 470M,1536,288,211,535,36
GeForce GTX 480,GeForce GTX 480,1536,480,226,534,40
GeForce GTX 480M,GeForce GTX 480M,2048,352,211,536,28
GeForce GTX 570,GeForce GTX 570,1280,480,226,536,45
GeForce GTX 570 Rev. 2,GeForce GTX 570 Rev. 2,1280,480,226,536,42
GeForce GTX 580,GeForce GTX 580,1536,512,230,535,25
NVS 2100M,NVS 2100M,512,16,200,534,28
NVS 3100M,NVS 3100M,512,16,201,536,22
NVS 5100M,NVS 5100M,1024,48,202,534,22
Quadro 2000,Quadro 2000,1024,192,208,535,24
Quadro 4000,Quadro 4000,2048,256,210,535,45
Quadro 5000M,Quadro 5000M,2048,320,210,535,38
Quadro 600,Quadro 600,1024,96,204,535,20
Quadro 6000,Quadro 6000,6144,448,220,535,24
Quadro FX 380M,Quadro FX 380M,512,16,201,535,28
Quadro FX 880M,Quadro FX 880M,1024,48,202,535,43
GeForce 315 OEM,GeForce 315 OEM,256,48,202,535,42
GeForce 315 OEM,GeForce 315 OEM,1024,16,201,535,50
GeForce 315M,GeForce 315M,512,16,200,535,30
GeForce 405M,GeForce 405M,1024,16,201,535,20
GeForce 410M,GeForce 410M,1024,48,201,536,34
GeForce 510 OEM,GeForce 510 OEM,1024,48,202,535,32
GeForce 610,GeForce 610,1024,48,202,535,22
GeForce 610M,GeForce 610M,1024,48,201,535,25
GeForce 610M,GeForce 610M,1024,48,202,535,50
GeForce 610M,GeForce 610M,1024,48,202,535,39
GeForce 9300 GS Rev. 2,GeForce 9300 GS Rev. 2,256,16,201,534,37
GeForce GT 435M,GeForce GT 435M,1024,96,204,535,37
GeForce GT 440,GeForce GT 440,1024,96,206,535,49
GeForce GT 440 Mac Edition,GeForce GT 440 Mac Edition,1024,96,206,535,41
GeForce GT 520,GeForce GT 520,1024,48,203,536,22
GeForce GT 520 PCI,GeForce GT 520 PCI,1024,48,203,535,48
GeForce GT 520 PCIe x1,GeForce GT 520 PCIe x1,1024,48,203,536,20
GeForce GT 520M,GeForce GT 520M,1024,48,202,534,43
GeForce GT 520M,GeForce GT 520M,1024,48,202,534,45
GeForce GT 520M,GeForce GT 520M,1024,48,202,535,40
GeForce GT 520MX,GeForce GT 520MX,1024,48,203,535,37
GeForce GT 525M,GeForce GT 525M,1024,96,203,536,30
GeForce GT 525M,GeForce GT 525M,1024,96,204,535,45
GeForce GT 530 OEM,GeForce GT 530 OEM,1024,96,205,536,31
GeForce GT 540M,GeForce GT 540M,1024,96,204,535,28
GeForce GT 545,GeForce GT 545,1536,144,207,535,20
GeForce GT 545 OEM,GeForce GT 545 OEM,1024,144,210,535,23
GeForce GT 550M,GeForce GT 550M,1024,96,203,534,27
GeForce GT 550M,GeForce GT 550M,1024,96,205,535,32
GeForce GT 555M,GeForce GT 555M,1024,96,205,535,34
GeForce GT 555M,GeForce GT 555M,1024,144,205,535,34
GeForce GT 555M,GeForce GT 555M,1024,144,205,535,33
GeForce GT 555M 3 GB,GeForce GT 555M 3 GB,3072,144,205,535,41
GeForce GTS 450 Rev. 2,GeForce GTS 450 Rev. 2,1024,192,211,535,31
GeForce GTX 460 v2,GeForce GTX 460 v2,1024,336,219,535,41
GeForce GTX 460 v2 ES,GeForce GTX 460 v2 ES,1280,336,219,535,32
GeForce GTX 460 X2,GeForce GTX 460 X2,1024,336,218,536,42
GeForce GTX 485M,GeForce GTX 485M,2048,384,215,534,41
GeForce GTX 550 Ti,GeForce GTX 550 Ti,1024,192,213,534,25
GeForce GTX 555 OEM,GeForce GTX 555 OEM,1024,288,216,535,30
GeForce GTX 560,GeForce GTX 560,1024,336,220,535,34
GeForce GTX 560 OEM,GeForce GTX 560 OEM,1280,384,216,535,30
GeForce GTX 560 Ti,GeForce GTX 560 Ti,1024,384,223,535,24
GeForce GTX 560 Ti 448,GeForce GTX 560 Ti 448,1280,448,224,535,45
GeForce GTX 560 Ti OEM,GeForce GTX 560 Ti OEM,1024,384,223,535,24
GeForce GTX 560 Ti OEM,GeForce GTX 560 Ti OEM,1280,352,220,534,50
GeForce GTX 560 Ti X2,GeForce GTX 560 Ti X2,1024,384,223,535,38
GeForce GTX 560M,GeForce GTX 560M,1536,192,210,534,38
GeForce GTX 570M,GeForce GTX 570M,1536,336,213,536,37
GeForce GTX 580 Rev. 2,GeForce GTX 580 Rev. 2,1536,512,230,535,22
GeForce GTX 580M,GeForce GTX 580M,2048,384,216,534,43
GeForce GTX 590,GeForce GTX 590,1536,512,227,535,31
NVS 300,NVS 300,512,16,201,535,48
NVS 4200M,NVS 4200M,1024,48,202,535,28
Quadro 1000M,Quadro 1000M,2048,96,205,536,40
Quadro 2000D,Quadro 2000D,1024,192,208,536,29
Quadro 2000M,Quadro 2000M,2048,192,207,535,29
Quadro 3000M,Quadro 3000M,2048,240,208,535,36
Quadro 3000M X2,Quadro 3000M X2,2048,240,210,534,48
Quadro 400,Quadro 400,512,48,202,534,26
Quadro 4000 Mac Edition,Quadro 4000 Mac Edition,1792,256,210,535,41
Quadro 4000M,Quadro 4000M,2048,336,212,536,39
Quadro 5000,Quadro 5000,2560,352,214,535,26
Quadro 5000 SDI,Quadro 5000 SDI,2560,352,215,535,32
Quadro 500M,Quadro 500M,1024,96,204,534,42
Quadro 5010M,Quadro 5010M,4096,384,212,535,26
Quadro 6000 SDI,Quadro 6000 SDI,6144,448,221,535,34
Quadro Plex 7000,Quadro Plex 7000,6144,512,232,535,26
Tesla C2050,Tesla C2050,3072,448,221,535,33
Tesla C2070,Tesla C2070,6144,448,221,535,48
Tesla C2075,Tesla C2075,6144,448,221,534,47
Tesla C2090,Tesla C2090,6144,512,226,535,36
Tesla M2050,Tesla M2050,3072,448,221,535,23
Tesla M2070,Tesla M2070,6144,448,221,535,24
Tesla M2070-Q,Tesla M2070-Q,6144,448,221,535,40
Tesla M2075,Tesla M2075,6144,448,221,536,41
Tesla M2090,Tesla M2090,6144,512,226,535,35
Tesla S2050,Tesla S2050,3072,448,237,535,39
Tesla X2070,Tesla X2070,6144,448,223,536,39
Tesla X2090,Tesla X2090,6144,512,225,534,38
GeForce 605 OEM,GeForce 605 OEM,512,48,202,536,29
GeForce 615 OEM,GeForce 615 OEM,1024,48,203,536,31
GeForce 620M,GeForce 620M,1024,96,203,534,49
GeForce 9400 GT Rev. 3,GeForce 9400 GT Rev. 3,128,16,201,535,33
GeForce GT 520 OEM,GeForce GT 520 OEM,1024,48,202,535,24
GeForce GT 520 OEM,GeForce GT 520 OEM,1024,48,202,536,48
GeForce GT 550M,GeForce GT 550M,1024,144,204,535,38
GeForce GT 555M 2 GB,GeForce GT 555M 2 GB,2048,144,206,535,20
GeForce GT 555M 3 GB,GeForce GT 555M 3 GB,3072,144,205,534,42
GeForce GT 610,GeForce GT 610,1024,48,203,536,38
GeForce GT 610 OEM,GeForce GT 610 OEM,1024,48,202,534,36
GeForce GT 610 PCI,GeForce GT 610 PCI,512,48,203,535,33
GeForce GT 610 PCIe x1,GeForce GT 610 PCIe x1,512,48,203,535,41
GeForce GT 620,GeForce GT 620,1024,96,205,534,23
GeForce GT 620 OEM,GeForce GT 620 OEM,512,48,203,534,42
GeForce GT 620M,GeForce GT 620M,1024,96,203,534,37
GeForce GT 620M,GeForce GT 620M,1024,96,203,535,22
GeForce GT 625M,GeForce GT 625M,2048,96,203,535,24
GeForce GT 630,GeForce GT 630,1024,96,206,534,21
GeForce GT 630 OEM,GeForce GT 630 OEM,1024,192,206,471,187
GeForce GT 630M,GeForce GT 630M,1024,96,204,535,50
GeForce GT 630M,GeForce GT 630M,1024,96,203,535,23
GeForce GT 630M,GeForce GT 630M,1024,96,204,535,30
GeForce GT 635M,GeForce GT 635M,2048,144,206,535,35
GeForce GT 635M,GeForce GT 635M,2048,144,206,535,46
GeForce GT 635M,GeForce GT 635M,2048,96,203,535,34
GeForce GT 635M,GeForce GT 635M,2048,96,204,536,43
GeForce GT 640,GeForce GT 640,2048,384,212,470,206
GeForce GT 640 OEM,GeForce GT 640 OEM,2048,384,210,470,188
GeForce GT 640 OEM Rebrand,GeForce GT 640 OEM Rebrand,1536,144,208,536,30
GeForce GT 640M,GeForce GT 640M,2048,384,208,470,202
GeForce GT 640M LE,GeForce GT 640M LE,1024,384,207,469,185
GeForce GT 640M LE,GeForce GT 640M LE,2048,96,205,535,44
GeForce GT 645 OEM,GeForce GT 645 OEM,1024,288,215,535,41
GeForce GT 645M,GeForce GT 645M,2048,384,209,470,182
GeForce GT 650M,GeForce GT 650M,1024,384,212,470,203
GeForce GT 650M Mac Edition,GeForce GT 650M Mac Edition,512,384,211,470,210
GeForce GTS 450 Rev. 3,GeForce GTS 450 Rev. 3,1024,144,209,535,40
GeForce GTX 560 SE,GeForce GTX 560 SE,1024,288,216,535,49
GeForce GTX 650,GeForce GTX 650,1024,384,213,470,207
GeForce GTX 650 Ti,GeForce GTX 650 Ti,1024,768,224,470,200
GeForce GTX 660,GeForce GTX 660,2048,960,233,470,204
GeForce GTX 660 OEM,GeForce GTX 660 OEM,2048,1152,234,470,198
GeForce GTX 660 OEM,GeForce GTX 660 OEM,1536,1152,234,469,186
GeForce GTX 660 Ti,GeForce GTX 660 Ti,2048,1344,244,470,194
GeForce GTX 660M,GeForce GTX 660M,2048,384,212,470,189
GeForce GTX 670,GeForce GTX 670,2048,1344,244,470,182
GeForce GTX 670M,GeForce GTX 670M,1536,336,213,536,38
GeForce GTX 670MX,GeForce GTX 670MX,3072,960,219,471,205
GeForce GTX 675M,GeForce GTX 675M,2048,384,216,535,40
GeForce GTX 675MX,GeForce GTX 675MX,2048,960,221,471,206
GeForce GTX 680,GeForce GTX 680,2048,1536,254,471,202
GeForce GTX 680M,GeForce GTX 680M,4096,1344,233,469,189
GeForce GTX 680MX Mac Edition,GeForce GTX 680MX Mac Edition,2048,1536,236,470,201
GeForce GTX 690,GeForce GTX 690,2048,1536,255,471,197
NVS 310,NVS 310,512,48,202,534,21
NVS 510,NVS 510,2048,192,205,469,196
NVS 5200M,NVS 5200M,1024,96,204,535,21
NVS 5200M,NVS 5200M,1024,96,204,535,49
NVS 5400M,NVS 5400M,2048,96,204,534,33
Quadro 410,Quadro 410,512,192,205,470,196
Quadro 7000,Quadro 7000,6144,512,225,535,26
Quadro K1000M,Quadro K1000M,2048,192,206,471,204
Quadro K2000M,Quadro K2000M,2048,384,209,470,186
Quadro K2000M Embedded,Quadro K2000M Embedded,2048,384,213,470,194
Quadro K3000M,Quadro K3000M,2048,576,213,470,181
Quadro K4000M,Quadro K4000M,4096,960,219,470,180
Quadro K5000,Quadro K5000,4096,1536,236,470,189
Quadro K5000 Mac Edition,Quadro K5000 Mac Edition,4096,1536,236,470,187
Quadro K5000M,Quadro K5000M,4096,1344,227,469,192
Quadro K500M,Quadro K500M,1024,192,204,470,190
Tesla K10,Tesla K10,4096,1536,240,470,194
Tesla K20c,Tesla K20c,5120,2496,259,470,206
Tesla K20X,Tesla K20X,6144,2688,266,470,183
Tesla K20Xm,Tesla K20Xm,6144,2688,266,470,209
GeForce 505 OEM,GeForce 505 OEM,1024,24,201,535,39
GeForce 505 OEM,GeForce 505 OEM,512,16,201,535,48
GeForce 705A,GeForce 705A,1024,48,202,536,41
GeForce 705M,GeForce 705M,1024,48,202,535,23
GeForce 710A,GeForce 710A,1024,96,205,536,30
GeForce 710M,GeForce 710M,1024,192,204,469,194
GeForce 710M,GeForce 710M,1024,96,204,535,47
GeForce 820M,GeForce 820M,1024,96,203,535,39
GeForce GT 625 OEM,GeForce GT 625 OEM,1024,48,203,535,44
GeForce GT 630 Rev. 2,GeForce GT 630 Rev. 2,2048,384,211,471,206
GeForce GT 630 Rev. 2 PCIe x8,GeForce GT 630 Rev. 2 PCIe x8,2048,384,211,470,201
GeForce GT 635 OEM,GeForce GT 635 OEM,1024,384,212,469,205
GeForce GT 640 Rev. 2,GeForce GT 640 Rev. 2,1024,384,213,469,193
GeForce GT 640M Mac Edition,GeForce GT 640M Mac Edition,512,384,209,470,207
GeForce GT 710M,GeForce GT 710M,1024,96,204,536,50
GeForce GT 720M,GeForce GT 720M,2048,192,205,470,208
GeForce GT 720M,GeForce GT 720M,2048,96,205,535,39
GeForce GT 730M,GeForce GT 730M,2048,384,209,469,191
GeForce GT 735M,GeForce GT 735M,2048,384,208,469,194
GeForce GT 740A,GeForce GT 740A,2048,384,212,471,184
GeForce GT 740M,GeForce GT 740M,2048,384,211,469,200
GeForce GT 740M,GeForce GT 740M,2048,384,212,471,199
GeForce GT 745A,GeForce GT 745A,2048,384,211,470,190
GeForce GT 745M,GeForce GT 745M,2048,384,207,470,184
GeForce GT 745M,GeForce GT 745M,2048,384,211,470,208
GeForce GT 750M,GeForce GT 750M,2048,384,212,470,206
GeForce GT 750M Mac Edition,GeForce GT 750M Mac Edition,1024,384,211,469,203
GeForce GT 755M,GeForce GT 755M,2048,384,213,470,183
GeForce GT 755M Mac Edition,GeForce GT 755M Mac Edition,1024,384,213,470,197
GeForce GTX 645 OEM,GeForce GTX 645 OEM,1024,576,215,470,193
GeForce GTX 650,GeForce GTX 650,1024,384,213,470,194
GeForce GTX 650 Ti Boost,GeForce GTX 650 Ti Boost,2048,768,227,470,186
GeForce GTX 650 Ti OEM,GeForce GTX 650 Ti OEM,2048,768,224,471,209
GeForce GTX 660M Mac Edition,GeForce GTX 660M Mac Edition,512,384,212,469,201
GeForce GTX 675MX Mac Edition,GeForce GTX 675MX Mac Edition,1024,1344,232,471,180
GeForce GTX 680 Mac Edition,GeForce GTX 680 Mac Edition,2048,1536,254,471,207
GeForce GTX 760,GeForce GTX 760,2048,1152,240,470,180
GeForce GTX 760 OEM,GeForce GTX 760 OEM,1536,1152,234,469,199
GeForce GTX 760 OEM Rebrand,GeForce GTX 760 OEM Rebrand,1536,1152,234,470,184
GeForce GTX 760 Ti OEM,GeForce GTX 760 Ti OEM,2048,1344,244,470,205
GeForce GTX 760 Ti OEM Rebrand,GeForce GTX 760 Ti OEM Rebrand,2048,1344,244,470,198
GeForce GTX 760 X2,GeForce GTX 760 X2,2048,1152,244,470,198
GeForce GTX 760M,GeForce GTX 760M,2048,768,217,470,185
GeForce GTX 765M,GeForce GTX 765M,2048,768,221,470,209
GeForce GTX 770,GeForce GTX 770,2048,1536,256,470,187
GeForce GTX 770M,GeForce GTX 770M,3072,960,225,471,207
GeForce GTX 775M Mac Edition,GeForce GTX 775M Mac Edition,2048,1344,235,471,192
GeForce GTX 780,GeForce GTX 780,3072,2304,270,470,194
GeForce GTX 780 6 GB,GeForce GTX 780 6 GB,6144,2304,270,471,195
GeForce GTX 780 Rev. 2,GeForce GTX 780 Rev. 2,3072,2304,270,470,189
GeForce GTX 780 Ti,GeForce GTX 780 Ti,3072,2880,288,469,196
GeForce GTX 780M,GeForce GTX 780M,4096,1536,240,470,187
GeForce GTX 780M Mac Edition,GeForce GTX 780M Mac Edition,4096,1536,240,470,183
GeForce GTX TITAN,GeForce GTX TITAN,6144,2688,278,471,208
GRID K1,GRID K1,4096,192,208,471,184
GRID K100,GRID K100,256,192,208,470,201
GRID K140Q,GRID K140Q,1024,192,208,470,186
GRID K160Q,GRID K160Q,1024,192,208,470,205
GRID K180Q,GRID K180Q,1024,192,208,470,191
GRID K2,GRID K2,4096,1536,240,470,190
GRID K200,GRID K200,256,1536,240,471,199
GRID K240Q,GRID K240Q,1024,1536,240,470,182
GRID K260Q,GRID K260Q,2048,1536,240,469,210
GRID K280Q,GRID K280Q,4096,1536,240,470,205
GRID K340,GRID K340,1024,384,216,471,210
GRID K520,GRID K520,4096,1536,240,469,203
NVS 315,NVS 315,1024,48,201,536,33
Quadro K1100M,Quadro K1100M,2048,384,209,470,207
Quadro K2000,Quadro K2000,2048,384,212,470,191
Quadro K2000D,Quadro K2000D,2048,384,212,470,199
Quadro K2100M,Quadro K2100M,2048,576,212,469,209
Quadro K3100M,Quadro K3100M,4096,768,218,470,189
Quadro K4000,Quadro K4000,3072,768,220,470,207
Quadro K4100M,Quadro K4100M,4096,1152,227,470,180
Quadro K5000 SYNC,Quadro K5000 SYNC,4096,1536,236,470,194
Quadro K5100M,Quadro K5100M,8192,1536,238,471,207
Quadro K510M,Quadro K510M,1024,192,205,469,200
Quadro K600,Quadro K600,1024,192,206,469,206
Quadro K6000,Quadro K6000,12288,2880,285,469,185
Quadro K6000 SDI,Quadro K6000 SDI,12288,2880,285,470,182
Quadro K610M,Quadro K610M,1024,192,206,470,199
Tesla K20m,Tesla K20m,5120,2496,259,470,194
Tesla K20s,Tesla K20s,5120,2496,249,470,204
Tesla K40c,Tesla K40c,12288,2880,283,469,183
Tesla K40d,Tesla K40d,12288,2880,283,470,183
Tesla K40m,Tesla K40m,12288,2880,283,469,181
Tesla K40s,Tesla K40s,12288,2880,283,470,185
Tesla K40st,Tesla K40st,12288,2880,257,471,205
Tesla K40t,Tesla K40t,12288,2880,283,470,193
GeForce 705A,GeForce 705A,1024,48,201,535,23
GeForce 710A,GeForce 710A,1024,192,204,470,201
GeForce 720A,GeForce 720A,1024,96,205,535,26
GeForce 800A,GeForce 800A,1024,48,201,536,31
GeForce 800A,GeForce 800A,1024,48,201,535,36
GeForce 800M,GeForce 800M,1024,48,202,535,44
GeForce 805A,GeForce 805A,1024,192,204,469,191
GeForce 810A,GeForce 810A,1024,192,204,469,185
GeForce 810M,GeForce 810M,1024,48,201,534,29
GeForce 820A,GeForce 820A,1024,96,203,536,26
GeForce 825M,GeForce 825M,1024,384,211,470,192
GeForce 830A,GeForce 830A,2048,256,209,525,17
GeForce 830M,GeForce 830M,2048,256,209,525,17
GeForce 840A,GeForce 840A,2048,384,213,526,26
GeForce 840M,GeForce 840M,2048,384,213,524,21
GeForce GT 705 OEM,GeForce GT 705 OEM,1024,48,203,536,32
GeForce GT 710,GeForce GT 710,2048,192,205,469,181
GeForce GT 710,GeForce GT 710,2048,192,205,471,190
GeForce GT 710 PCIe x1,GeForce GT 710 PCIe x1,1024,192,205,471,186
GeForce GT 720,GeForce GT 720,2048,384,211,469,195
GeForce GT 720,GeForce GT 720,1024,192,205,469,196
GeForce GT 720A,GeForce GT 720A,1024,96,205,536,49
GeForce GT 730,GeForce GT 730,1024,96,205,535,46
GeForce GT 730,GeForce GT 730,1024,384,211,470,191
GeForce GT 730,GeForce GT 730,2048,96,205,535,40
GeForce GT 730A,GeForce GT 730A,1024,384,209,469,205
GeForce GT 730M,GeForce GT 730M,2048,384,209,470,184
GeForce GT 740,GeForce GT 740,1024,384,213,469,186
GeForce GTX 660 Rev. 2,GeForce GTX 660 Rev. 2,2048,960,233,471,206
GeForce GTX 745 OEM,GeForce GTX 745 OEM,4096,384,213,525,22
GeForce GTX 750,GeForce GTX 750,1024,512,218,525,39
GeForce GTX 750 Ti,GeForce GTX 750 Ti,2048,640,222,525,34
GeForce GTX 760A,GeForce GTX 760A,1024,768,217,470,201
GeForce GTX 850A,GeForce GTX 850A,2048,640,218,525,12
GeForce GTX 850M,GeForce GTX 850M,2048,640,218,525,19
GeForce GTX 860M,GeForce GTX 860M,2048,640,221,524,17
GeForce GTX 860M,GeForce GTX 860M,2048,1152,234,470,197
GeForce GTX 870M,GeForce GTX 870M,3072,1344,242,471,202
GeForce GTX 880M,GeForce GTX 880M,8192,1536,249,469,207
GeForce GTX 970,GeForce GTX 970,4096,1664,263,525,40
GeForce GTX 970M,GeForce GTX 970M,3072,1280,242,524,23
GeForce GTX 970M,GeForce GTX 970M,6144,1280,242,525,39
GeForce GTX 980,GeForce GTX 980,4096,2048,280,524,23
GeForce GTX 980M,GeForce GTX 980M,8192,1536,254,526,13
GeForce GTX 980M,GeForce GTX 980M,8192,1536,254,524,25
GeForce GTX TITAN BLACK,GeForce GTX TITAN BLACK,6144,2880,292,469,192
GeForce GTX TITAN Z,GeForce GTX TITAN Z,6144,2880,286,471,207
GRID K120Q,GRID K120Q,512,192,208,470,191
GRID K220Q,GRID K220Q,512,1536,240,470,207
GRID K500,GRID K500,4096,1536,240,469,195
GRID K520Q,GRID K520Q,4096,1536,240,470,187
GRID K540Q,GRID K540Q,4096,1536,240,470,203
GRID K560Q,GRID K560Q,4096,1536,240,469,182
Jetson TK1,Jetson TK1,2048,192,205,469,209
Quadro K100M,Quadro K100M,2048,192,205,469,189
Quadro K200M,Quadro K200M,2048,192,205,470,183
Quadro K2200,Quadro K2200,4096,640,223,524,11
Quadro K2200M,Quadro K2200M,2048,640,223,526,10
Quadro K420,Quadro K420,1024,192,206,471,185
Quadro K4200,Quadro K4200,4096,1344,235,469,202
Quadro K5200,Quadro K5200,8192,2304,258,471,201
Quadro K620,Quadro K620,2048,384,214,526,13
Tesla K8,Tesla K8,8192,1536,240,469,180
Tesla K80,Tesla K80,12288,2496,270,470,184
GeForce 810M,GeForce 810M,2048,384,212,469,207
GeForce 820M,GeForce 820M,2048,384,210,470,198
GeForce 845M,GeForce 845M,2048,512,214,525,36
GeForce 845M,GeForce 845M,2048,384,214,526,38
GeForce 910M,GeForce 910M,2048,384,208,471,190
GeForce 920A,GeForce 920A,1024,384,211,470,204
GeForce 920M,GeForce 920M,2048,384,211,470,197
GeForce 930A,GeForce 930A,2048,384,211,525,29
GeForce 930M,GeForce 930M,2048,384,207,526,18
GeForce 930M,GeForce 930M,2048,384,211,525,29
GeForce 940A,GeForce 940A,2048,384,214,524,28
GeForce 940A,GeForce 940A,1024,384,213,524,19
GeForce 940M,GeForce 940M,2048,384,214,525,22
GeForce 940M,GeForce 940M,2048,512,218,525,21
GeForce 945A,GeForce 945A,1024,384,214,525,27
GeForce 945M,GeForce 945M,2048,640,221,525,15
GeForce GT 710 OEM,GeForce GT 710 OEM,1024,192,205,470,185
GeForce GT 730 OEM,GeForce GT 730 OEM,1024,384,211,470,196
GeForce GT 740 OEM,GeForce GT 740 OEM,1024,384,213,469,196
GeForce GT 740 OEM,GeForce GT 740 OEM,1024,384,213,470,188
GeForce GTX 750 GM206,GeForce GTX 750 GM206,2048,512,220,525,34
GeForce GTX 860M OEM,GeForce GTX 860M OEM,2048,640,224,525,14
GeForce GTX 950,GeForce GTX 950,2048,768,230,525,33
GeForce GTX 950A,GeForce GTX 950A,2048,640,223,525,10
GeForce GTX 950M,GeForce GTX 950M,4096,640,223,524,22
GeForce GTX 950M Mac Edition,GeForce GTX 950M Mac Edition,2048,640,223,525,31
GeForce GTX 960,GeForce GTX 960,2048,1024,240,525,29
GeForce GTX 960 OEM,GeForce GTX 960 OEM,4096,1024,239,524,15
GeForce GTX 960 OEM,GeForce GTX 960 OEM,3072,1280,242,524,38
GeForce GTX 960A,GeForce GTX 960A,2048,640,224,525,21
GeForce GTX 960M,GeForce GTX 960M,4096,640,224,524,37
GeForce GTX 965M,GeForce GTX 965M,2048,1024,231,525,22
GeForce GTX 965M,GeForce GTX 965M,2048,1024,231,525,19
GeForce GTX 965M 4 GB,GeForce GTX 965M 4 GB,4096,1024,237,525,27
GeForce GTX 980 Mobile,GeForce GTX 980 Mobile,8192,2048,272,525,10
GeForce GTX 980 Ti,GeForce GTX 980 Ti,6144,2816,299,525,23
GeForce GTX TITAN X,GeForce GTX TITAN X,12288,3072,309,524,15
GRID M60-1Q,GRID M60-1Q,1024,2048,279,525,11
GRID M60-2Q,GRID M60-2Q,2048,2048,279,525,23
GRID M60-4A,GRID M60-4A,4096,2048,279,524,40
GRID M60-8Q,GRID M60-8Q,8192,2048,279,525,40
GRID M6-8Q,GRID M6-8Q,8192,1536,236,526,13
Jetson TX1,Jetson TX1,4096,256,207,525,28
NVS 810,NVS 810,2048,512,217,525,12
Quadro K1200,Quadro K1200,4096,512,216,525,28
Quadro K620M,Quadro K620M,2048,384,213,526,18
Quadro M1000M,Quadro M1000M,2048,512,217,525,29
Quadro M2000M,Quadro M2000M,4096,640,223,524,39
Quadro M3000M,Quadro M3000M,4096,1024,230,526,19
Quadro M4000,Quadro M4000,8192,1664,242,525,14
Quadro M4000M,Quadro M4000M,4096,1280,242,526,35
Quadro M5000,Quadro M5000,8192,2048,269,525,13
Quadro M5000M,Quadro M5000M,8192,1536,252,525,14
Quadro M6000,Quadro M6000,12288,3072,311,525,21
Quadro M600M,Quadro M600M,2048,384,210,525,20
Tesla M4,Tesla M4,4096,1024,234,525,12
Tesla M40,Tesla M40,12288,3072,311,524,17
Tesla M40 24 GB,Tesla M40 24 GB,24576,3072,311,525,12
Tesla M6 Mobile,Tesla M6 Mobile,8192,1536,258,526,20
Tesla M6 X2 Mobile,Tesla M6 X2 Mobile,8192,1536,258,524,23
Tesla M60,Tesla M60,8192,2048,281,525,11
GeForce 920MX,GeForce 920MX,2048,256,208,524,19
GeForce 930MX,GeForce 930MX,2048,384,212,526,31
GeForce 940MX,GeForce 940MX,2048,512,213,525,29
GeForce 940MX,GeForce 940MX,1024,384,212,526,14
GeForce 940MX,GeForce 940MX,2048,384,214,524,20
GeForce 945M,GeForce 945M,1024,384,214,524,40
GeForce GT 610 OEM,GeForce GT 610 OEM,2048,48,202,535,33
GeForce GT 710,GeForce GT 710,1024,48,203,536,26
GeForce GTX 1050,GeForce GTX 1050,2048,640,230,536,20
GeForce GTX 1050 Ti,GeForce GTX 1050 Ti,4096,768,234,534,44
GeForce GTX 1060 3 GB,GeForce GTX 1060 3 GB,3072,1152,263,535,33
GeForce GTX 1060 3 GB GP104,GeForce GTX 1060 3 GB GP104,3072,1152,263,535,33
GeForce GTX 1060 6 GB,GeForce GTX 1060 6 GB,6144,1280,270,536,36
GeForce GTX 1060 Mobile,GeForce GTX 1060 Mobile,6144,1280,267,535,27
GeForce GTX 1070,GeForce GTX 1070,8192,1920,303,535,28
GeForce GTX 1070 Mobile,GeForce GTX 1070 Mobile,8192,2048,306,535,50
GeForce GTX 1080,GeForce GTX 1080,8192,2560,340,535,40
GeForce GTX 1080 Mobile,GeForce GTX 1080 Mobile,8192,2560,340,535,30
GeForce GTX 760 OEM,GeForce GTX 760 OEM,2048,1344,247,469,188
GeForce GTX 950 Low Power,GeForce GTX 950 Low Power,2048,768,229,526,40
GeForce GTX 950 OEM,GeForce GTX 950 OEM,4096,1024,239,526,35
GeForce GTX 965M,GeForce GTX 965M,2048,1024,237,525,21
GeForce GTX 980MX,GeForce GTX 980MX,8192,1664,263,524,33
GRID M10-8Q,GRID M10-8Q,8192,640,231,525,39
GRID M3-3020,GRID M3-3020,4096,640,226,525,22
GRID M40,GRID M40,8192,384,213,526,23
Jetson TX2,Jetson TX2,8192,256,210,534,49
Quadro GP100,Quadro GP100,16384,3584,364,536,38
Quadro M2000,Quadro M2000,4096,768,229,525,39
Quadro M3000 SE,Quadro M3000 SE,4096,1024,230,524,34
Quadro M500M,Quadro M500M,2048,384,213,525,37
Quadro M5500 Mobile,Quadro M5500 Mobile,8192,2048,277,525,12
Quadro M6000 24 GB,Quadro M6000 24 GB,24576,3072,311,525,32
Quadro P5000,Quadro P5000,16384,2560,340,535,34
Quadro P6000,Quadro P6000,24576,3840,400,535,27
Tesla M10,Tesla M10,8192,640,231,525,29
Tesla P10,Tesla P10,24576,3840,379,534,28
Tesla P100 DGXS,Tesla P100 DGXS,16384,3584,370,535,20
Tesla P100 PCIe 12 GB,Tesla P100 PCIe 12 GB,12288,3584,352,535,43
Tesla P100 PCIe 16 GB,Tesla P100 PCIe 16 GB,16384,3584,352,534,46
Tesla P100 SXM2,Tesla P100 SXM2,16384,3584,370,535,33
Tesla P4,Tesla P4,8192,2560,289,535,38
Tesla P40,Tesla P40,24576,3840,386,534,35
TITAN X Pascal,TITAN X Pascal,12288,3584,374,536,38
GeForce GT 1030,GeForce GT 1030,2048,384,217,535,20
GeForce GT 720 OEM,GeForce GT 720 OEM,1024,192,206,469,182
GeForce GTX 1050 Mobile,GeForce GTX 1050 Mobile,2048,640,231,535,20
GeForce GTX 1050 Mobile,GeForce GTX 1050 Mobile,2048,640,231,534,31
GeForce GTX 1050 Ti Mobile,GeForce GTX 1050 Ti Mobile,4096,768,240,535,31
GeForce GTX 1050 Ti Mobile,GeForce GTX 1050 Ti Mobile,2048,768,240,535,26
GeForce GTX 1060 5 GB,GeForce GTX 1060 5 GB,5120,1280,270,536,23
GeForce GTX 1060 6 GB 9Gbps,GeForce GTX 1060 6 GB 9Gbps,6144,1280,270,536,43
GeForce GTX 1060 Max-Q,GeForce GTX 1060 Max-Q,6144,1280,260,535,44
GeForce GTX 1070 Max-Q,GeForce GTX 1070 Max-Q,8192,2048,289,535,37
GeForce GTX 1070 Ti,GeForce GTX 1070 Ti,8192,2432,330,535,29
GeForce GTX 1080 11Gbps,GeForce GTX 1080 11Gbps,8192,2560,340,535,39
GeForce GTX 1080 Max-Q,GeForce GTX 1080 Max-Q,8192,2560,311,535,50
GeForce GTX 1080 Ti,GeForce GTX 1080 Ti,11264,3584,380,536,23
GeForce MX110,GeForce MX110,2048,256,208,525,39
GeForce MX130,GeForce MX130,2048,384,214,525,13
GeForce MX150,GeForce MX150,2048,384,218,535,28
GeForce MX150,GeForce MX150,2048,384,212,535,20
P104-100,P104-100,4096,1920,303,535,31
P106-090,P106-090,3072,768,238,535,44
P106-100,P106-100,6144,1280,270,534,28
Quadro M1200 Mobile,Quadro M1200 Mobile,4096,640,223,524,30
Quadro M2200 Mobile,Quadro M2200 Mobile,4096,1024,233,526,35
Quadro M520 Mobile,Quadro M520 Mobile,2048,384,214,525,22
Quadro M620 Mobile,Quadro M620 Mobile,2048,512,216,525,32
Quadro P1000,Quadro P1000,4096,512,222,535,25
Quadro P1000,Quadro P1000,4096,640,230,535,23
Quadro P1000 Mobile,Quadro P1000 Mobile,4096,512,224,535,34
Quadro P2000,Quadro P2000,5120,1024,248,535,26
Quadro P2000 Mobile,Quadro P2000 Mobile,4096,768,239,535,31
Quadro P3000 Mobile,Quadro P3000 Mobile,6144,1280,249,535,42
Quadro P400,Quadro P400,2048,256,210,534,44
Quadro P4000,Quadro P4000,8192,1792,284,536,20
Quadro P4000 Max-Q,Quadro P4000 Max-Q,8192,1792,270,535,23
Quadro P4000 Mobile,Quadro P4000 Mobile,8192,1792,270,535,38
Quadro P5000 Mobile,Quadro P5000 Mobile,16384,2048,297,536,31
Quadro P5000 X2 Mobile,Quadro P5000 X2 Mobile,16384,2048,299,536,32
Quadro P600,Quadro P600,2048,384,218,535,33
Quadro P600 Mobile,Quadro P600 Mobile,4096,384,219,536,24
Switch GPU 20nm,Switch GPU 20nm,4096,256,206,525,23
Tesla P6 Mobile,Tesla P6 Mobile,16384,2048,297,535,44
Tesla V100 PCIe 16 GB,Tesla V100 PCIe 16 GB,16384,5120,424,545,53
Tesla V100 SXM2 16 GB,Tesla V100 SXM2 16 GB,16384,5120,446,545,47
TITAN V,TITAN V,12288,5120,435,545,32
TITAN Xp,TITAN Xp,12288,3840,392,535,28
GeForce GT 1030 DDR4,GeForce GT 1030 DDR4,2048,384,216,534,28
GeForce GT 1030 GK107,GeForce GT 1030 GK107,2048,384,213,471,195
GeForce GTX 1050 3 GB,GeForce GTX 1050 3 GB,3072,768,237,536,36
GeForce GTX 1050 Max-Q,GeForce GTX 1050 Max-Q,4096,640,223,535,28
GeForce GTX 1050 Ti Max-Q,GeForce GTX 1050 Ti Max-Q,4096,768,232,535,38
GeForce GTX 1060 6 GB GDDR5X,GeForce GTX 1060 6 GB GDDR5X,6144,1280,270,535,42
GeForce GTX 1060 6 GB GP104,GeForce GTX 1060 6 GB GP104,6144,1280,270,536,37
GeForce GTX 1060 6 GB Rev. 2,GeForce GTX 1060 6 GB Rev. 2,6144,1280,270,536,50
GeForce GTX 1070 GDDR5X,GeForce GTX 1070 GDDR5X,8192,1920,303,535,49
GeForce RTX 2070,GeForce RTX 2070,8192,2304,319,550,58
GeForce RTX 2080,GeForce RTX 2080,8192,2944,360,550,40
GeForce RTX 2080 Ti,GeForce RTX 2080 Ti,11264,4352,412,550,52
Jetson AGX Xavier 16 GB,Jetson AGX Xavier 16 GB,16384,512,221,545,41
Jetson AGX Xavier 32 GB,Jetson AGX Xavier 32 GB,32768,512,221,546,33
P102-100,P102-100,5120,3200,371,535,47
P102-101,P102-101,10240,3200,370,534,50
P104-101,P104-101,4096,2560,333,536,31
Quadro GV100,Quadro GV100,32768,5120,462,544,37
Quadro P3200 Max-Q,Quadro P3200 Max-Q,6144,1792,279,536,28
Quadro P3200 Mobile,Quadro P3200 Mobile,6144,1792,286,535,21
Quadro P4200 Max-Q,Quadro P4200 Max-Q,8192,2304,307,535,21
Quadro P4200 Mobile,Quadro P4200 Mobile,8192,2304,315,536,30
Quadro P500 Mobile,Quadro P500 Mobile,2048,256,212,534,33
Quadro P5200 Max-Q,Quadro P5200 Max-Q,16384,2560,325,535,25
Quadro P5200 Mobile,Quadro P5200 Mobile,16384,2560,340,535,27
Quadro P620,Quadro P620,2048,512,221,534,44
Quadro P620 Mobile,Quadro P620 Mobile,4096,512,223,535,50
Quadro RTX 4000,Quadro RTX 4000,8192,2304,313,550,68
Quadro RTX 5000,Quadro RTX 5000,16384,3072,377,551,57
Quadro RTX 6000,Quadro RTX 6000,24576,4608,457,550,49
Quadro RTX 6000 Passive,Quadro RTX 6000 Passive,24576,4608,435,549,68
Quadro RTX 8000,Quadro RTX 8000,49152,4608,457,550,48
Quadro RTX 8000 Passive,Quadro RTX 8000 Passive,49152,4608,435,550,42
Tesla T4,Tesla T4,16384,2560,326,550,43
Tesla T4G,Tesla T4G,16384,2560,326,550,50
Tesla V100 DGXS 16 GB,Tesla V100 DGXS 16 GB,16384,5120,455,545,43
Tesla V100 DGXS 32 GB,Tesla V100 DGXS 32 GB,32768,5120,446,544,58
Tesla V100 FHHL,Tesla V100 FHHL,16384,5120,409,545,50
Tesla V100 PCIe 32 GB,Tesla V100 PCIe 32 GB,32768,5120,423,544,31
Tesla V100 SXM2 32 GB,Tesla V100 SXM2 32 GB,32768,5120,446,545,40
Tesla V100 SXM3 32 GB,Tesla V100 SXM3 32 GB,32768,5120,457,545,35
TITAN RTX,TITAN RTX,24576,4608,457,550,70
TITAN V CEO Edition,TITAN V CEO Edition,32768,5120,435,544,40
GeForce GTX 1050 Mobile 3 GB,GeForce GTX 1050 Mobile 3 GB,3072,768,235,535,45
GeForce GTX 1650,GeForce GTX 1650,4096,896,247,550,41
GeForce GTX 1650 Max-Q,GeForce GTX 1650 Max-Q,4096,1024,240,550,65
GeForce GTX 1650 Mobile,GeForce GTX 1650 Mobile,4096,1024,250,550,52
GeForce GTX 1650 SUPER,GeForce GTX 1650 SUPER,4096,1280,270,550,65
GeForce GTX 1660,GeForce GTX 1660,6144,1408,280,550,53
GeForce GTX 1660 SUPER,GeForce GTX 1660 SUPER,6144,1408,280,550,59
GeForce GTX 1660 Ti,GeForce GTX 1660 Ti,6144,1536,286,550,54
GeForce GTX 1660 Ti Max-Q,GeForce GTX 1660 Ti Max-Q,6144,1536,264,550,61
GeForce GTX 1660 Ti Mobile,GeForce GTX 1660 Ti Mobile,6144,1536,276,549,68
GeForce MX150 GP107,GeForce MX150 GP107,2048,384,218,535,37
GeForce MX230,GeForce MX230,2048,256,212,536,43
GeForce MX250,GeForce MX250,2048,384,212,535,26
GeForce MX250,GeForce MX250,2048,384,218,535,29
GeForce RTX 2060,GeForce RTX 2060,6144,1920,303,551,70
GeForce RTX 2060 Max-Q Refresh,GeForce RTX 2060 Max-Q Refresh,6144,1920,273,550,47
GeForce RTX 2060 Mobile,GeForce RTX 2060 Mobile,6144,1920,273,551,68
GeForce RTX 2060 Mobile Refresh,GeForce RTX 2060 Mobile Refresh,6144,1920,293,550,55
GeForce RTX 2060 SUPER,GeForce RTX 2060 SUPER,8192,2176,314,550,55
GeForce RTX 2060 SUPER Mobile,GeForce RTX 2060 SUPER Mobile,8192,2176,306,550,43
GeForce RTX 2070 Max-Q,GeForce RTX 2070 Max-Q,8192,2304,286,550,46
GeForce RTX 2070 Mobile,GeForce RTX 2070 Mobile,8192,2304,304,551,53
GeForce RTX 2070 SUPER,GeForce RTX 2070 SUPER,8192,2560,344,550,52
GeForce RTX 2080 Max-Q,GeForce RTX 2080 Max-Q,8192,2944,301,550,61
GeForce RTX 2080 Mobile,GeForce RTX 2080 Mobile,8192,2944,347,550,70
GeForce RTX 2080 SUPER,GeForce RTX 2080 SUPER,8192,3072,377,550,69
Jetson Nano,Jetson Nano,4096,128,203,525,26
P106M,P106M,4096,1152,247,534,39
Quadro P2000 Mobile,Quadro P2000 Mobile,3840,1152,247,535,25
Quadro P2200,Quadro P2200,5120,1280,260,535,34
Quadro P520 Max-Q,Quadro P520 Max-Q,4096,384,217,535,46
Quadro P520 Mobile,Quadro P520 Mobile,2048,384,217,535,35
Quadro RTX 3000 Max-Q,Quadro RTX 3000 Max-Q,6144,1920,273,550,59
Quadro RTX 3000 Mobile,Quadro RTX 3000 Mobile,6144,1920,283,550,53
Quadro RTX 3000 Mobile Refresh,Quadro RTX 3000 Mobile Refresh,6144,1920,283,550,47
Quadro RTX 3000 X2 Mobile,Quadro RTX 3000 X2 Mobile,6144,1920,285,550,43
Quadro RTX 4000 Max-Q,Quadro RTX 4000 Max-Q,8192,2560,310,550,48
Quadro RTX 4000 Mobile,Quadro RTX 4000 Mobile,8192,2560,325,551,70
Quadro RTX 5000 Max-Q,Quadro RTX 5000 Max-Q,16384,3072,329,549,47
Quadro RTX 5000 Mobile,Quadro RTX 5000 Mobile,16384,3072,347,550,53
Quadro RTX 6000 Mobile,Quadro RTX 6000 Mobile,24576,4608,407,549,62
Quadro T1000 Max-Q,Quadro T1000 Max-Q,4096,896,238,551,41
Quadro T1000 Mobile,Quadro T1000 Mobile,4096,896,241,549,48
Quadro T2000 Max-Q,Quadro T2000 Max-Q,4096,1024,244,549,53
Quadro T2000 Mobile,Quadro T2000 Mobile,4096,1024,257,550,69
Switch GPU 16nm,Switch GPU 16nm,4096,256,206,525,32
Tesla PG500-216,Tesla PG500-216,32768,5120,423,545,37
Tesla PG503-216,Tesla PG503-216,32768,4608,422,546,39
Tesla V100 SXM2 16 GB,Tesla V100 SXM2 16 GB,16384,5120,457,544,35
Tesla V100S PCIe 32 GB,Tesla V100S PCIe 32 GB,32768,5120,457,546,47
A100 PCIe 40 GB,A100 PCIe 40 GB,40960,6912,505,559,68
A100 SXM4 40 GB,A100 SXM4 40 GB,40960,6912,509,559,56
A100 SXM4 80 GB,A100 SXM4 80 GB,81920,6912,509,561,59
A40 PCIe,A40 PCIe,49152,10752,782,560,61
CMP 100HX-210,CMP 100HX-210,16384,5120,386,544,41
DRIVE A100 PROD,DRIVE A100 PROD,32768,6912,509,559,67
GeForce GTX 1650 GDDR6,GeForce GTX 1650 GDDR6,4096,896,245,550,44
GeForce GTX 1650 Max-Q,GeForce GTX 1650 Max-Q,4096,1024,236,551,48
GeForce GTX 1650 Mobile,GeForce GTX 1650 Mobile,4096,1024,248,550,41
GeForce GTX 1650 Ti Max-Q,GeForce GTX 1650 Ti Max-Q,4096,1024,239,550,58
GeForce GTX 1650 Ti Mobile,GeForce GTX 1650 Ti Mobile,4096,1024,247,549,52
GeForce GTX 1650 Ti Mobile,GeForce GTX 1650 Ti Mobile,4096,1024,247,550,49
GeForce GTX 1650 TU106,GeForce GTX 1650 TU106,4096,896,246,549,68
GeForce GTX 1650 TU116,GeForce GTX 1650 TU116,4096,896,245,551,53
GeForce MX330,GeForce MX330,2048,384,218,534,38
GeForce MX350,GeForce MX350,2048,640,229,535,40
GeForce MX350,GeForce MX350,2048,640,218,534,25
GeForce MX450 12W,GeForce MX450 12W,2048,896,225,550,67
GeForce MX450 30.5W 10Gbps,GeForce MX450 30.5W 10Gbps,2048,896,244,550,46
GeForce MX450 30.5W 8Gbps,GeForce MX450 30.5W 8Gbps,2048,896,235,550,68
GeForce RTX 2060 Max-Q,GeForce RTX 2060 Max-Q,6144,1920,271,550,43
GeForce RTX 2060 TU104,GeForce RTX 2060 TU104,6144,1920,303,550,69
GeForce RTX 2070 Max-Q Refresh,GeForce RTX 2070 Max-Q Refresh,8192,2304,282,550,64
GeForce RTX 2070 Mobile Refresh,GeForce RTX 2070 Mobile Refresh,8192,2304,305,551,44
GeForce RTX 2070 SUPER Max-Q,GeForce RTX 2070 SUPER Max-Q,8192,2560,292,550,63
GeForce RTX 2070 SUPER Mobile,GeForce RTX 2070 SUPER Mobile,8192,2560,311,551,64
GeForce RTX 2080 SUPER Max-Q,GeForce RTX 2080 SUPER Max-Q,8192,3072,294,550,61
GeForce RTX 2080 SUPER Mobile,GeForce RTX 2080 SUPER Mobile,8192,3072,350,549,43
GeForce RTX 3060 Ti,GeForce RTX 3060 Ti,8192,4864,453,561,72
GeForce RTX 3070,GeForce RTX 3070,8192,5888,517,561,56
GeForce RTX 3080,GeForce RTX 3080,10240,8704,665,560,57
GeForce RTX 3090,GeForce RTX 3090,24576,10496,755,559,76
GRID A100A,GRID A100A,32768,6912,423,560,76
GRID A100B,GRID A100B,49152,6912,423,560,75
GRID RTX T10-2,GRID RTX T10-2,2048,3584,357,550,51
GRID RTX T10-4,GRID RTX T10-4,4096,3584,357,550,44
Jetson Xavier NX 16 GB,Jetson Xavier NX 16 GB,16384,384,213,546,59
Jetson Xavier NX 8 GB,Jetson Xavier NX 8 GB,8192,384,213,545,58
Quadro RTX 5000 Mobile Refresh,Quadro RTX 5000 Mobile Refresh,16384,3072,347,550,67
Quadro RTX 5000 X2 Mobile,Quadro RTX 5000 X2 Mobile,16384,3072,347,549,70
Quadro T1000 Mobile GDDR6,Quadro T1000 Mobile GDDR6,4096,896,246,550,55
RTX A6000,RTX A6000,49152,10752,802,561,64
T500 Max-Q,T500 Max-Q,4096,896,239,550,50
T500 Mobile,T500 Mobile,4096,896,243,551,49
Tesla T10 16 GB,Tesla T10 16 GB,16384,3584,357,549,55
A10 PCIe,A10 PCIe,24576,9216,683,559,77
A100 PCIe 80 GB,A100 PCIe 80 GB,81920,6912,506,561,78
A100X,A100X,81920,6912,513,560,56
A10G,A10G,24576,9216,687,559,72
A16 PCIe,A16 PCIe,16384,1280,275,559,79
A2,A2,16384,1280,271,561,59
A2 PCIe,A2 PCIe,16384,1280,271,559,79
A30 PCIe,A30 PCIe,24576,3584,362,560,52
A30X,A30X,24576,3584,364,560,74
CMP 170HX 10 GB,CMP 170HX 10 GB,10240,4480,400,559,51
CMP 170HX 8 GB,CMP 170HX 8 GB,8192,4480,400,560,79
CMP 30HX,CMP 30HX,6144,1408,280,550,54
CMP 40HX,CMP 40HX,8192,2304,321,550,57
CMP 50HX,CMP 50HX,10240,3584,376,550,62
CMP 70HX,CMP 70HX,8192,3840,365,559,51
CMP 90HX,CMP 90HX,10240,6400,544,560,51
GeForce GT 1010,GeForce GT 1010,2048,256,212,535,45
GeForce GT 1010 DDR4,GeForce GT 1010 DDR4,2048,256,211,535,45
GeForce MX550,GeForce MX550,2048,1024,242,550,44
GeForce MX570,GeForce MX570,2048,2048,273,561,56
GeForce MX570 A,GeForce MX570 A,2048,2048,273,560,50
GeForce RTX 2050 Max-Q,GeForce RTX 2050 Max-Q,4096,2048,273,560,64
GeForce RTX 2050 Mobile,GeForce RTX 2050 Mobile,4096,2048,279,560,65
GeForce RTX 2060 12 GB,GeForce RTX 2060 12 GB,12288,2176,314,550,56
GeForce RTX 3050 Max-Q,GeForce RTX 3050 Max-Q,4096,2048,267,560,64
GeForce RTX 3050 Mobile,GeForce RTX 3050 Mobile,4096,2048,285,560,69
GeForce RTX 3050 Ti Max-Q,GeForce RTX 3050 Ti Max-Q,4096,2560,283,559,54
GeForce RTX 3050 Ti Mobile,GeForce RTX 3050 Ti Mobile,4096,2560,283,560,80
GeForce RTX 3050 Ti Mobile,GeForce RTX 3050 Ti Mobile,4096,2560,283,560,53
GeForce RTX 3060 12 GB,GeForce RTX 3060 12 GB,12288,3584,399,560,52
GeForce RTX 3060 12 GB GA104,GeForce RTX 3060 12 GB GA104,12288,3584,399,560,50
GeForce RTX 3060 3840SP,GeForce RTX 3060 3840SP,6144,3840,423,560,60
GeForce RTX 3060 Max-Q,GeForce RTX 3060 Max-Q,6144,3840,352,559,50
GeForce RTX 3060 Mobile,GeForce RTX 3060 Mobile,6144,3840,370,559,71
GeForce RTX 3070 Max-Q,GeForce RTX 3070 Max-Q,8192,5120,404,559,67
GeForce RTX 3070 Mobile,GeForce RTX 3070 Mobile,8192,5120,448,560,64
GeForce RTX 3070 Ti,GeForce RTX 3070 Ti,8192,6144,541,560,69
GeForce RTX 3080 Max-Q,GeForce RTX 3080 Max-Q,8192,6144,437,560,50
GeForce RTX 3080 Mobile,GeForce RTX 3080 Mobile,8192,6144,494,560,72
GeForce RTX 3080 Ti,GeForce RTX 3080 Ti,12288,10240,732,561,61
PG506-207,PG506-207,24576,3584,362,559,72
PG506-217,PG506-217,24576,3584,362,560,80
PG506-232,PG506-232,24576,3584,362,559,58
PG506-242,PG506-242,24576,3584,362,560,71
Quadro T1200 Max-Q,Quadro T1200 Max-Q,4096,1024,245,550,44
Quadro T1200 Mobile,Quadro T1200 Mobile,4096,1024,256,549,56
RTX A2000,RTX A2000,6144,3328,324,561,65
RTX A2000 12 GB,RTX A2000 12 GB,12288,3328,324,561,61
RTX A2000 Max-Q,RTX A2000 Max-Q,4096,2560,297,559,73
RTX A2000 Max-Q 8 GB,RTX A2000 Max-Q 8 GB,8192,2560,294,560,50
RTX A2000 Mobile,RTX A2000 Mobile,4096,2560,335,561,52
RTX A2000 Mobile 8 GB,RTX A2000 Mobile 8 GB,8192,2560,329,560,76
RTX A3000 Mobile,RTX A3000 Mobile,6144,4096,356,560,59
RTX A3000 Mobile 12 GB,RTX A3000 Mobile 12 GB,12288,4096,348,559,75
RTX A4 Mobile,RTX A4 Mobile,4096,2048,312,561,68
RTX A4000,RTX A4000,16384,6144,497,560,61
RTX A4000 Max-Q,RTX A4000 Max-Q,8192,5120,421,560,60
RTX A4000 Mobile,RTX A4000 Mobile,8192,5120,467,560,69
RTX A4000H,RTX A4000H,16384,6144,497,560,76
RTX A4500,RTX A4500,20480,7168,568,560,54
RTX A500,RTX A500,4096,2048,312,560,76
RTX A5000,RTX A5000,24576,8192,632,560,62
RTX A5000 Max-Q,RTX A5000 Max-Q,16384,6144,456,560,52
RTX A5000 Mobile,RTX A5000 Mobile,16384,6144,500,560,76
RTX A5000-12Q,RTX A5000-12Q,12288,8192,632,559,75
RTX A5000-8Q,RTX A5000-8Q,8192,8192,632,559,52
T1000,T1000,4096,896,239,550,46
T1000 8 GB,T1000 8 GB,8192,896,239,549,60
T400,T400,2048,384,217,550,51
T400 4 GB,T400 4 GB,4096,384,217,551,53
T600,T600,4096,640,227,550,57
T600 Max-Q,T600 Max-Q,4096,896,239,549,53
T600 Mobile,T600 Mobile,4096,896,239,551,43
A10M,A10M,20480,7168,563,560,73
A800 PCIe 40 GB,A800 PCIe 40 GB,40960,6912,505,560,65
A800 PCIe 80 GB,A800 PCIe 80 GB,81920,6912,505,560,63
A800 SXM4 80 GB,A800 SXM4 80 GB,81920,6912,509,560,56
GeForce GTX 1630,GeForce GTX 1630,4096,512,229,550,68
GeForce RTX 3050 4 GB,GeForce RTX 3050 4 GB,4096,2048,311,559,50
GeForce RTX 3050 8 GB,GeForce RTX 3050 8 GB,8192,2560,343,560,78
GeForce RTX 3050 8 GB GA107,GeForce RTX 3050 8 GB GA107,8192,2560,342,559,76
GeForce RTX 3050 Max-Q Refresh 4 GB,GeForce RTX 3050 Max-Q Refresh 4 GB,4096,2048,271,561,62
GeForce RTX 3050 Max-Q Refresh 6 GB,GeForce RTX 3050 Max-Q Refresh 6 GB,6144,2560,278,560,51
GeForce RTX 3050 Mobile Refresh 4 GB,GeForce RTX 3050 Mobile Refresh 4 GB,4096,2560,296,559,75
GeForce RTX 3050 Mobile Refresh 6 GB,GeForce RTX 3050 Mobile Refresh 6 GB,6144,2560,319,560,61
GeForce RTX 3050 OEM,GeForce RTX 3050 OEM,8192,2304,327,559,56
GeForce RTX 3060 8 GB,GeForce RTX 3060 8 GB,8192,3584,399,559,59
GeForce RTX 3060 8 GB GA104,GeForce RTX 3060 8 GB GA104,8192,3584,400,560,76
GeForce RTX 3060 Ti GA103,GeForce RTX 3060 Ti GA103,8192,4864,453,560,55
GeForce RTX 3060 Ti GDDR6X,GeForce RTX 3060 Ti GDDR6X,8192,4864,454,559,74
GeForce RTX 3070 Ti 8 GB GA102,GeForce RTX 3070 Ti 8 GB GA102,8192,6144,541,561,80
GeForce RTX 3070 Ti Max-Q,GeForce RTX 3070 Ti Max-Q,8192,5888,389,560,59
GeForce RTX 3070 Ti Mobile,GeForce RTX 3070 Ti Mobile,8192,5888,457,561,53
GeForce RTX 3070 TiM,GeForce RTX 3070 TiM,8192,5888,460,560,70
GeForce RTX 3080 12 GB,GeForce RTX 3080 12 GB,12288,8960,679,560,65
GeForce RTX 3080 Ti 20 GB,GeForce RTX 3080 Ti 20 GB,20480,10240,732,560,58
GeForce RTX 3080 Ti Max-Q,GeForce RTX 3080 Ti Max-Q,16384,7424,458,559,62
GeForce RTX 3080 Ti Mobile,GeForce RTX 3080 Ti Mobile,16384,7424,490,561,62
GeForce RTX 3090 Ti,GeForce RTX 3090 Ti,24576,10752,825,560,61
GeForce RTX 4080,GeForce RTX 4080,16384,9728,956,570,34
GeForce RTX 4090,GeForce RTX 4090,24576,16384,1479,570,49
H100 PCIe 80 GB,H100 PCIe 80 GB,81920,14592,995,565,48
H100 SXM5 80 GB,H100 SXM5 80 GB,81920,16896,1245,564,32
L40,L40,49152,18176,1597,569,27
L40 CNX,L40 CNX,24576,18176,1589,570,41
L40G,L40G,24576,18176,1589,569,20
L40S,L40S,49152,18176,1614,570,34
RTX 6000 Ada Generation,RTX 6000 Ada Generation,49152,18176,1606,570,24
RTX A1000 Embedded,RTX A1000 Embedded,4096,2048,272,559,72
RTX A1000 Mobile,RTX A1000 Mobile,4096,2048,273,559,77
RTX A1000 Mobile 6 GB,RTX A1000 Mobile 6 GB,6144,2560,291,560,60
RTX A2000 Embedded,RTX A2000 Embedded,4096,2560,293,559,73
RTX A3000 Mobile 12 GB,RTX A3000 Mobile 12 GB,12288,4096,384,559,76
RTX A4500 Embedded,RTX A4500 Embedded,16384,5888,421,560,55
RTX A4500 Max-Q,RTX A4500 Max-Q,16384,5888,421,560,57
RTX A4500 Mobile,RTX A4500 Mobile,16384,5888,474,560,72
RTX A500 Embedded,RTX A500 Embedded,4096,2048,284,561,76
RTX A500 Mobile,RTX A500 Mobile,4096,2048,297,560,66
RTX A5500,RTX A5500,24576,10240,729,561,68
RTX A5500 Max-Q,RTX A5500 Max-Q,16384,7424,489,561,52
RTX A5500 Mobile,RTX A5500 Mobile,16384,7424,546,560,61
T550 Mobile,T550 Mobile,4096,1024,252,549,43
GeForce RTX 4050 Max-Q,GeForce RTX 4050 Max-Q,6144,2560,327,570,50
GeForce RTX 4050 Mobile,GeForce RTX 4050 Mobile,6144,2560,339,569,28
GeForce RTX 4060,GeForce RTX 4060,8192,3072,434,570,29
GeForce RTX 4060 Max-Q,GeForce RTX 4060 Max-Q,8192,3072,339,569,45
GeForce RTX 4060 Mobile,GeForce RTX 4060 Mobile,8192,3072,381,569,48
GeForce RTX 4060 Ti 16 GB,GeForce RTX 4060 Ti 16 GB,16384,4352,542,569,22
GeForce RTX 4060 Ti 8 GB,GeForce RTX 4060 Ti 8 GB,8192,4352,542,570,44
GeForce RTX 4070,GeForce RTX 4070,12288,5888,652,569,40
GeForce RTX 4070 Max-Q,GeForce RTX 4070 Max-Q,8192,4608,375,570,39
GeForce RTX 4070 Mobile,GeForce RTX 4070 Mobile,8192,4608,442,570,39
GeForce RTX 4070 Ti,GeForce RTX 4070 Ti,12288,7680,822,570,25
GeForce RTX 4080 Max-Q,GeForce RTX 4080 Max-Q,12288,7424,509,570,31
GeForce RTX 4080 Mobile,GeForce RTX 4080 Mobile,12288,7424,582,570,39
GeForce RTX 4090 D,GeForce RTX 4090 D,24576,14592,1340,569,33
GeForce RTX 4090 Max-Q,GeForce RTX 4090 Max-Q,16384,9728,636,571,38
GeForce RTX 4090 Mobile,GeForce RTX 4090 Mobile,16384,9728,709,570,34
H100 CNX,H100 CNX,81920,14592,1035,564,53
H100 NVL 94 GB,H100 NVL 94 GB,96256,16896,1136,565,30
H100 PCIe 96 GB,H100 PCIe 96 GB,98304,16896,1171,565,44
H100 SXM5 64 GB,H100 SXM5 64 GB,65536,16896,1245,565,42
H100 SXM5 94 GB,H100 SXM5 94 GB,96256,16896,1245,564,38
H100 SXM5 96 GB,H100 SXM5 96 GB,98304,16896,1245,565,50
H800 PCIe 80 GB,H800 PCIe 80 GB,81920,14592,995,566,60
H800 SXM5,H800 SXM5,81920,16896,1128,566,47
Jetson AGX Orin 32 GB,Jetson AGX Orin 32 GB,32768,1792,252,560,76
Jetson AGX Orin 64 GB,Jetson AGX Orin 64 GB,65536,2048,283,560,50
Jetson Orin Nano 4 GB,Jetson Orin Nano 4 GB,4096,512,209,560,64
Jetson Orin Nano 8 GB,Jetson Orin Nano 8 GB,8192,1024,219,560,70
Jetson Orin NX 16 GB,Jetson Orin NX 16 GB,16384,1024,229,560,70
Jetson Orin NX 8 GB,Jetson Orin NX 8 GB,8192,1024,224,560,73
L20,L20,49152,11776,1118,570,42
L4,L4,24576,7424,667,570,43
RTX 2000 Embedded Ada Generation,RTX 2000 Embedded Ada Generation,8192,3072,390,570,35
RTX 2000 Max-Q Ada Generation,RTX 2000 Max-Q Ada Generation,8192,3072,338,571,20
RTX 2000 Mobile Ada Generation,RTX 2000 Mobile Ada Generation,8192,3072,400,570,28
RTX 3000 Mobile Ada Generation,RTX 3000 Mobile Ada Generation,8192,4608,442,570,41
RTX 3500 Embedded Ada Generation,RTX 3500 Embedded Ada Generation,12288,5120,556,569,43
RTX 3500 Mobile Ada Generation,RTX 3500 Mobile Ada Generation,12288,5120,445,571,50
RTX 4000 Ada Generation,RTX 4000 Ada Generation,20480,6144,613,569,44
RTX 4000 Mobile Ada Generation,RTX 4000 Mobile Ada Generation,12288,7424,582,569,25
RTX 4000 SFF Ada Generation,RTX 4000 SFF Ada Generation,20480,6144,496,571,32
RTX 4500 Ada Generation,RTX 4500 Ada Generation,24576,7680,813,571,40
RTX 5000 Ada Generation,RTX 5000 Ada Generation,32768,12800,1208,571,38
RTX 5000 Embedded Ada Generation,RTX 5000 Embedded Ada Generation,16384,9728,705,570,23
RTX 5000 Embedded Ada Generation X2,RTX 5000 Embedded Ada Generation X2,16384,9728,705,570,29
RTX 5000 Max-Q Ada Generation,RTX 5000 Max-Q Ada Generation,16384,9728,705,570,36
RTX 5000 Mobile Ada Generation,RTX 5000 Mobile Ada Generation,16384,9728,835,570,45
B100,B100,98304,16896,1178,575,30
B200 SXM 192 GB,B200 SXM 192 GB,98304,16896,1178,575,16
GeForce RTX 3050 6 GB,GeForce RTX 3050 6 GB,6144,2304,305,561,74
GeForce RTX 3050 A Mobile,GeForce RTX 3050 A Mobile,4096,1792,275,560,57
GeForce RTX 4010,GeForce RTX 4010,4096,768,242,559,68
GeForce RTX 4060 AD106,GeForce RTX 4060 AD106,8192,3072,434,571,39
GeForce RTX 4060 Ti AD104,GeForce RTX 4060 Ti AD104,8192,4352,542,570,27
GeForce RTX 4070 AD103,GeForce RTX 4070 AD103,12288,5888,652,570,41
GeForce RTX 4070 GDDR6,GeForce RTX 4070 GDDR6,12288,5888,652,570,43
GeForce RTX 4070 SUPER,GeForce RTX 4070 SUPER,12288,7168,750,570,29
GeForce RTX 4070 Ti SUPER,GeForce RTX 4070 Ti SUPER,16384,8448,884,571,24
GeForce RTX 4070 Ti SUPER AD102,GeForce RTX 4070 Ti SUPER AD102,16384,8448,884,571,38
GeForce RTX 4080 SUPER,GeForce RTX 4080 SUPER,16384,10240,1010,570,30
H200 NVL,H200 NVL,144384,16896,1141,564,58
H200 SXM 141 GB,H200 SXM 141 GB,144384,16896,1245,564,40
RTX 1000 Mobile Ada Generation,RTX 1000 Mobile Ada Generation,6144,2560,360,570,22
RTX 2000 Ada Generation,RTX 2000 Ada Generation,16384,2816,386,570,39
RTX 500 Mobile Ada Generation,RTX 500 Mobile Ada Generation,4096,2048,328,571,47
RTX 5880 Ada Generation,RTX 5880 Ada Generation,49152,14080,1271,570,29
RTX A1000,RTX A1000,8192,2304,304,559,62
RTX A400,RTX A400,4096,768,242,561,76
GB10,GB10,131072,6144,677,574,27
GeForce RTX 5050,GeForce RTX 5050,8192,2560,405,575,37
GeForce RTX 5050 Mobile,GeForce RTX 5050 Mobile,8192,2560,319,575,23
GeForce RTX 5060,GeForce RTX 5060,8192,3840,498,575,30
GeForce RTX 5060 Mobile,GeForce RTX 5060 Mobile,8192,3328,349,576,25
GeForce RTX 5060 Ti 16 GB,GeForce RTX 5060 Ti 16 GB,16384,4608,568,575,17
GeForce RTX 5060 Ti 8 GB,GeForce RTX 5060 Ti 8 GB,8192,4608,568,575,10
GeForce RTX 5070,GeForce RTX 5070,12288,6144,680,574,13
GeForce RTX 5070 Mobile,GeForce RTX 5070 Mobile,8192,4608,402,574,25
GeForce RTX 5070 Ti,GeForce RTX 5070 Ti,16384,8960,882,575,21
GeForce RTX 5070 Ti Mobile,GeForce RTX 5070 Ti Mobile,12288,5888,463,575,32
GeForce RTX 5080,GeForce RTX 5080,16384,10752,1073,576,20
GeForce RTX 5080 Mobile,GeForce RTX 5080 Mobile,16384,7680,555,575,11
GeForce RTX 5090,GeForce RTX 5090,32768,21760,1824,576,19
GeForce RTX 5090 D,GeForce RTX 5090 D,32768,21760,1824,575,26
GeForce RTX 5090 D V2,GeForce RTX 5090 D V2,24576,21760,1824,576,27
GeForce RTX 5090 Mobile,GeForce RTX 5090 Mobile,24576,10496,690,574,29
Jetson T4000,Jetson T4000,65536,1536,320,575,17
Jetson T5000,Jetson T5000,131072,2560,399,576,27
RTX PRO 2000 Blackwell,RTX PRO 2000 Blackwell,16384,4352,463,574,36
RTX PRO 4000 Blackwell,RTX PRO 4000 Blackwell,24576,8960,769,575,16
RTX PRO 4000 Blackwell SFF,RTX PRO 4000 Blackwell SFF,24576,8960,595,576,29
RTX PRO 4500 Blackwell,RTX PRO 4500 Blackwell,32768,10496,981,575,27
RTX PRO 5000 72 GB Blackwell,RTX PRO 5000 72 GB Blackwell,73728,14080,1235,575,10
RTX PRO 5000 Blackwell,RTX PRO 5000 Blackwell,49152,14080,1235,575,33
RTX PRO 6000 Blackwell,RTX PRO 6000 Blackwell,98304,24064,2150,575,19
RTX PRO 6000 Blackwell Max-Q,RTX PRO 6000 Blackwell Max-Q,98304,24064,1892,575,35
RTX PRO 6000 Blackwell Server,RTX PRO 6000 Blackwell Server,98304,24064,2150,575,10
RTX PRO 6000D Blackwell,RTX PRO 6000D Blackwell,98304,24064,2150,575,28
RTX PRO 6000D Blackwell Max-Q,RTX PRO 6000D Blackwell Max-Q,98304,24064,1898,575,18
Switch 2 GPU,Switch 2 GPU,12288,1536,267,560,58
GeForce RTX 5070 SUPER,GeForce RTX 5070 SUPER,18432,6400,700,575,16
GeForce RTX 5070 Ti SUPER,GeForce RTX 5070 Ti SUPER,16384,8960,883,575,32
GeForce RTX 5080 SUPER,GeForce RTX 5080 SUPER,24576,10752,1074,575,31
Graphics Chrome 430 GT,Graphics Chrome 430 GT,256,32,203,535,49
Graphics Chrome 440 GTX,Graphics Chrome 440 GTX,256,32,204,535,28
Graphics Chrome 530 GT,Graphics Chrome 530 GT,512,32,203,534,47
Graphics Chrome 540 GTX,Graphics Chrome 540 GTX,256,32,204,534,35
S3G Chrome 640,S3G Chrome 640,0,64,201,535,27
S3G Chrome 645,S3G Chrome 645,0,64,201,536,31
